timestamp,round,accuracy,flops,memory,memory_saved,communication,sparsity,skipped_batches,effective_compute_ratio,compression_ratio,download_bytes,upload_bytes,model_size_bytes,quantization_error,avg_scale_factor
2025-05-29 08:05:06,1,0.27277999999999997,29199309766.0,43.178627014160156,0.0,12346000,0.0,0,1.0,1.0,6173000,6173000,1234600,0.0,1.0
2025-05-29 08:07:41,2,0.30342,29199309766.0,44.35603332519531,0.0,12346000,0.0,0,1.0,1.0,6173000,6173000,1234600,0.0,1.0
2025-05-29 08:10:15,3,0.37828000000000006,29199309766.0,44.35603332519531,0.0,12346000,0.0,0,1.0,1.0,6173000,6173000,1234600,0.0,1.0
2025-05-29 08:12:49,4,0.37706000000000006,29199309766.0,44.35603332519531,0.0,12346000,0.0,0,1.0,1.0,6173000,6173000,1234600,0.0,1.0
2025-05-29 08:15:22,5,0.39504,29199309766.0,44.35603332519531,0.0,12346000,0.0,0,1.0,1.0,6173000,6173000,1234600,0.0,1.0
2025-05-29 08:17:55,6,0.43552,29199309766.0,44.35603332519531,0.0,12346000,0.0,0,1.0,1.0,6173000,6173000,1234600,0.0,1.0
2025-05-29 08:20:26,7,0.43756000000000006,29199309766.0,44.35603332519531,0.0,12346000,0.0,0,1.0,1.0,6173000,6173000,1234600,0.0,1.0
2025-05-29 08:22:57,8,0.46266000000000007,29199309766.0,44.35603332519531,0.0,12346000,0.0,0,1.0,1.0,6173000,6173000,1234600,0.0,1.0
2025-05-29 08:25:27,9,0.47587999999999997,29199309766.0,44.35603332519531,0.0,12346000,0.0,0,1.0,1.0,6173000,6173000,1234600,0.0,1.0
2025-05-29 08:27:58,10,0.47524,29199309766.0,44.35603332519531,0.0,12346000,0.0,0,1.0,1.0,6173000,6173000,1234600,0.0,1.0
2025-05-29 08:30:29,11,0.45958,29199309766.0,44.35603332519531,0.0,12346000,0.0,0,1.0,1.0,6173000,6173000,1234600,0.0,1.0
2025-05-29 08:32:59,12,0.46959999999999996,29199309766.0,44.35603332519531,0.0,12346000,0.0,0,1.0,1.0,6173000,6173000,1234600,0.0,1.0
2025-05-29 08:35:30,13,0.5152399999999999,29199309766.0,44.35603332519531,0.0,12346000,0.0,0,1.0,1.0,6173000,6173000,1234600,0.0,1.0
2025-05-29 08:38:01,14,0.49060000000000004,29199309766.0,44.35603332519531,0.0,12346000,0.0,0,1.0,1.0,6173000,6173000,1234600,0.0,1.0
2025-05-29 08:40:31,15,0.50668,29199309766.0,44.35603332519531,0.0,12346000,0.0,0,1.0,1.0,6173000,6173000,1234600,0.0,1.0
2025-05-29 08:43:01,16,0.51088,29199309766.0,44.35603332519531,0.0,12346000,0.0,0,1.0,1.0,6173000,6173000,1234600,0.0,1.0
2025-05-29 08:45:31,17,0.52616,29199309766.0,44.35603332519531,0.0,12346000,0.0,0,1.0,1.0,6173000,6173000,1234600,0.0,1.0
2025-05-29 08:48:01,18,0.54588,29199309766.0,44.35603332519531,0.0,12346000,0.0,0,1.0,1.0,6173000,6173000,1234600,0.0,1.0
2025-05-29 08:50:32,19,0.52886,29199309766.0,44.35603332519531,0.0,12346000,0.0,0,1.0,1.0,6173000,6173000,1234600,0.0,1.0
2025-05-29 08:53:02,20,0.55972,29199309766.0,44.35603332519531,0.0,12346000,0.0,0,1.0,1.0,6173000,6173000,1234600,0.0,1.0
2025-05-29 08:55:32,21,0.56836,29199309766.0,44.35603332519531,0.0,12346000,0.0,0,1.0,1.0,6173000,6173000,1234600,0.0,1.0
2025-05-29 08:58:02,22,0.56842,29199309766.0,44.35603332519531,0.0,12346000,0.0,0,1.0,1.0,6173000,6173000,1234600,0.0,1.0
2025-05-29 09:00:33,23,0.56042,29199309766.0,44.35603332519531,0.0,12346000,0.0,0,1.0,1.0,6173000,6173000,1234600,0.0,1.0
2025-05-29 09:03:03,24,0.56986,29199309766.0,44.35603332519531,0.0,12346000,0.0,0,1.0,1.0,6173000,6173000,1234600,0.0,1.0
2025-05-29 09:05:33,25,0.58592,29199309766.0,44.35603332519531,0.0,12346000,0.0,0,1.0,1.0,6173000,6173000,1234600,0.0,1.0
2025-05-29 09:08:03,26,0.54884,29199309766.0,44.35603332519531,0.0,12346000,0.0,0,1.0,1.0,6173000,6173000,1234600,0.0,1.0
2025-05-29 09:10:34,27,0.59132,29199309766.0,44.35603332519531,0.0,12346000,0.0,0,1.0,1.0,6173000,6173000,1234600,0.0,1.0
2025-05-29 09:13:05,28,0.5884,29199309766.0,44.35603332519531,0.0,12346000,0.0,0,1.0,1.0,6173000,6173000,1234600,0.0,1.0
2025-05-29 09:15:35,29,0.5992,29199309766.0,44.35603332519531,0.0,12346000,0.0,0,1.0,1.0,6173000,6173000,1234600,0.0,1.0
2025-05-29 09:18:06,30,0.5883999999999999,29199309766.0,44.35603332519531,0.0,12346000,0.0,0,1.0,1.0,6173000,6173000,1234600,0.0,1.0
2025-05-29 09:20:36,31,0.57568,29199309766.0,44.35603332519531,0.0,12346000,0.0,0,1.0,1.0,6173000,6173000,1234600,0.0,1.0
2025-05-29 09:22:59,32,0.61808,29199309766.0,44.35603332519531,0.0,12346000,0.0,0,1.0,1.0,6173000,6173000,1234600,0.0,1.0
2025-05-29 09:25:23,33,0.6026,29199309766.0,44.35603332519531,0.0,12346000,0.0,0,1.0,1.0,6173000,6173000,1234600,0.0,1.0
2025-05-29 09:27:46,34,0.62038,29199309766.0,44.35603332519531,0.0,12346000,0.0,0,1.0,1.0,6173000,6173000,1234600,0.0,1.0
2025-05-29 09:30:09,35,0.6224000000000001,29199309766.0,44.35603332519531,0.0,12346000,0.0,0,1.0,1.0,6173000,6173000,1234600,0.0,1.0
2025-05-29 09:32:32,36,0.62346,29199309766.0,44.35603332519531,0.0,12346000,0.0,0,1.0,1.0,6173000,6173000,1234600,0.0,1.0
2025-05-29 09:34:55,37,0.6294599999999999,29199309766.0,44.35603332519531,0.0,12346000,0.0,0,1.0,1.0,6173000,6173000,1234600,0.0,1.0
2025-05-29 09:37:15,38,0.63222,29199309766.0,44.35603332519531,0.0,12346000,0.0,0,1.0,1.0,6173000,6173000,1234600,0.0,1.0
2025-05-29 09:39:35,39,0.61464,29199309766.0,44.35603332519531,0.0,12346000,0.0,0,1.0,1.0,6173000,6173000,1234600,0.0,1.0
2025-05-29 09:41:55,40,0.62746,29199309766.0,44.35603332519531,0.0,12346000,0.0,0,1.0,1.0,6173000,6173000,1234600,0.0,1.0
2025-05-29 09:44:15,41,0.6199800000000001,29199309766.0,44.35603332519531,0.0,12346000,0.0,0,1.0,1.0,6173000,6173000,1234600,0.0,1.0
2025-05-29 09:46:37,42,0.63208,29199309766.0,44.35603332519531,0.0,12346000,0.0,0,1.0,1.0,6173000,6173000,1234600,0.0,1.0
2025-05-29 09:49:01,43,0.6363000000000001,29199309766.0,44.35603332519531,0.0,12346000,0.0,0,1.0,1.0,6173000,6173000,1234600,0.0,1.0
2025-05-29 09:51:24,44,0.64608,29199309766.0,44.35603332519531,0.0,12346000,0.0,0,1.0,1.0,6173000,6173000,1234600,0.0,1.0
2025-05-29 09:53:46,45,0.65042,29199309766.0,44.35603332519531,0.0,12346000,0.0,0,1.0,1.0,6173000,6173000,1234600,0.0,1.0
2025-05-29 09:56:08,46,0.65572,29199309766.0,44.35603332519531,0.0,12346000,0.0,0,1.0,1.0,6173000,6173000,1234600,0.0,1.0
2025-05-29 09:58:31,47,0.65218,29199309766.0,44.35603332519531,0.0,12346000,0.0,0,1.0,1.0,6173000,6173000,1234600,0.0,1.0
2025-05-29 10:01:02,48,0.6479199999999999,29199309766.0,44.35603332519531,0.0,12346000,0.0,0,1.0,1.0,6173000,6173000,1234600,0.0,1.0
2025-05-29 10:03:28,49,0.6457599999999999,29199309766.0,44.35603332519531,0.0,12346000,0.0,0,1.0,1.0,6173000,6173000,1234600,0.0,1.0
2025-05-29 10:06:14,50,0.6606,29199309766.0,44.35603332519531,0.0,12346000,0.0,0,1.0,1.0,6173000,6173000,1234600,0.0,1.0
2025-05-29 10:08:54,51,0.66182,29199309766.0,44.35603332519531,0.0,12346000,0.0,0,1.0,1.0,6173000,6173000,1234600,0.0,1.0
2025-05-29 10:11:31,52,0.6632399999999999,29199309766.0,44.35603332519531,0.0,12346000,0.0,0,1.0,1.0,6173000,6173000,1234600,0.0,1.0
2025-05-29 10:14:13,53,0.6606799999999999,29199309766.0,44.35603332519531,0.0,12346000,0.0,0,1.0,1.0,6173000,6173000,1234600,0.0,1.0
2025-05-29 10:16:55,54,0.66318,29199309766.0,44.35603332519531,0.0,12346000,0.0,0,1.0,1.0,6173000,6173000,1234600,0.0,1.0
2025-05-29 10:19:39,55,0.6648799999999999,29199309766.0,44.35603332519531,0.0,12346000,0.0,0,1.0,1.0,6173000,6173000,1234600,0.0,1.0
2025-05-29 10:22:21,56,0.6875800000000001,29199309766.0,44.35603332519531,0.0,12346000,0.0,0,1.0,1.0,6173000,6173000,1234600,0.0,1.0
2025-05-29 10:25:04,57,0.66756,29199309766.0,44.35603332519531,0.0,12346000,0.0,0,1.0,1.0,6173000,6173000,1234600,0.0,1.0
2025-05-29 10:27:51,58,0.68006,29199309766.0,44.35603332519531,0.0,12346000,0.0,0,1.0,1.0,6173000,6173000,1234600,0.0,1.0
2025-05-29 10:30:42,59,0.67272,29199309766.0,44.35603332519531,0.0,12346000,0.0,0,1.0,1.0,6173000,6173000,1234600,0.0,1.0
2025-05-29 10:33:19,60,0.6818200000000001,29199309766.0,44.35603332519531,0.0,12346000,0.0,0,1.0,1.0,6173000,6173000,1234600,0.0,1.0
2025-05-29 10:35:47,61,0.68384,29199309766.0,44.35603332519531,0.0,12346000,0.0,0,1.0,1.0,6173000,6173000,1234600,0.0,1.0
2025-05-29 10:38:13,62,0.68448,29199309766.0,44.35603332519531,0.0,12346000,0.0,0,1.0,1.0,6173000,6173000,1234600,0.0,1.0
2025-05-29 10:40:54,63,0.6739200000000001,29199309766.0,44.35603332519531,0.0,12346000,0.0,0,1.0,1.0,6173000,6173000,1234600,0.0,1.0
2025-05-29 10:43:38,64,0.6911400000000001,29199309766.0,44.35603332519531,0.0,12346000,0.0,0,1.0,1.0,6173000,6173000,1234600,0.0,1.0
2025-05-29 10:46:23,65,0.6842600000000001,29199309766.0,44.35603332519531,0.0,12346000,0.0,0,1.0,1.0,6173000,6173000,1234600,0.0,1.0
2025-05-29 10:49:05,66,0.68834,29199309766.0,44.35603332519531,0.0,12346000,0.0,0,1.0,1.0,6173000,6173000,1234600,0.0,1.0
2025-05-29 10:51:48,67,0.6933999999999999,29199309766.0,44.35603332519531,0.0,12346000,0.0,0,1.0,1.0,6173000,6173000,1234600,0.0,1.0
2025-05-29 10:54:31,68,0.6954,29199309766.0,44.35603332519531,0.0,12346000,0.0,0,1.0,1.0,6173000,6173000,1234600,0.0,1.0
2025-05-29 10:57:15,69,0.6991400000000001,29199309766.0,44.35603332519531,0.0,12346000,0.0,0,1.0,1.0,6173000,6173000,1234600,0.0,1.0
2025-05-29 11:00:01,70,0.7068200000000001,29199309766.0,44.35603332519531,0.0,12346000,0.0,0,1.0,1.0,6173000,6173000,1234600,0.0,1.0
2025-05-29 11:02:47,71,0.69588,29199309766.0,44.35603332519531,0.0,12346000,0.0,0,1.0,1.0,6173000,6173000,1234600,0.0,1.0
2025-05-29 11:05:31,72,0.7027800000000001,29199309766.0,44.35603332519531,0.0,12346000,0.0,0,1.0,1.0,6173000,6173000,1234600,0.0,1.0
2025-05-29 11:08:13,73,0.7093800000000001,29199309766.0,44.35603332519531,0.0,12346000,0.0,0,1.0,1.0,6173000,6173000,1234600,0.0,1.0
2025-05-29 11:10:53,74,0.7047800000000001,29199309766.0,44.35603332519531,0.0,12346000,0.0,0,1.0,1.0,6173000,6173000,1234600,0.0,1.0
2025-05-29 11:13:26,75,0.7035799999999999,29199309766.0,44.35603332519531,0.0,12346000,0.0,0,1.0,1.0,6173000,6173000,1234600,0.0,1.0
2025-05-29 11:15:59,76,0.7087399999999999,29199309766.0,44.35603332519531,0.0,12346000,0.0,0,1.0,1.0,6173000,6173000,1234600,0.0,1.0
2025-05-29 11:18:31,77,0.71228,29199309766.0,44.35603332519531,0.0,12346000,0.0,0,1.0,1.0,6173000,6173000,1234600,0.0,1.0
2025-05-29 11:21:04,78,0.7168800000000001,29199309766.0,44.35603332519531,0.0,12346000,0.0,0,1.0,1.0,6173000,6173000,1234600,0.0,1.0
2025-05-29 11:23:37,79,0.7188,29199309766.0,44.35603332519531,0.0,12346000,0.0,0,1.0,1.0,6173000,6173000,1234600,0.0,1.0
2025-05-29 11:26:09,80,0.7216,29199309766.0,44.35603332519531,0.0,12346000,0.0,0,1.0,1.0,6173000,6173000,1234600,0.0,1.0
2025-05-29 11:28:40,81,0.72434,29199309766.0,44.35603332519531,0.0,12346000,0.0,0,1.0,1.0,6173000,6173000,1234600,0.0,1.0
2025-05-29 11:31:10,82,0.7280200000000001,29199309766.0,44.35603332519531,0.0,12346000,0.0,0,1.0,1.0,6173000,6173000,1234600,0.0,1.0
2025-05-29 11:33:40,83,0.7268600000000001,29199309766.0,44.35603332519531,0.0,12346000,0.0,0,1.0,1.0,6173000,6173000,1234600,0.0,1.0
2025-05-29 11:36:10,84,0.7282599999999999,29199309766.0,44.35603332519531,0.0,12346000,0.0,0,1.0,1.0,6173000,6173000,1234600,0.0,1.0
2025-05-29 11:38:40,85,0.72834,29199309766.0,44.35603332519531,0.0,12346000,0.0,0,1.0,1.0,6173000,6173000,1234600,0.0,1.0
2025-05-29 11:41:11,86,0.7359600000000001,29199309766.0,44.35603332519531,0.0,12346000,0.0,0,1.0,1.0,6173000,6173000,1234600,0.0,1.0
2025-05-29 11:43:41,87,0.7296400000000001,29199309766.0,44.35603332519531,0.0,12346000,0.0,0,1.0,1.0,6173000,6173000,1234600,0.0,1.0
2025-05-29 11:46:11,88,0.738,29199309766.0,44.35603332519531,0.0,12346000,0.0,0,1.0,1.0,6173000,6173000,1234600,0.0,1.0
2025-05-29 11:48:41,89,0.7423,29199309766.0,44.35603332519531,0.0,12346000,0.0,0,1.0,1.0,6173000,6173000,1234600,0.0,1.0
2025-05-29 11:51:11,90,0.7388399999999999,29199309766.0,44.35603332519531,0.0,12346000,0.0,0,1.0,1.0,6173000,6173000,1234600,0.0,1.0
2025-05-29 11:53:41,91,0.74882,29199309766.0,44.35603332519531,0.0,12346000,0.0,0,1.0,1.0,6173000,6173000,1234600,0.0,1.0
2025-05-29 11:56:11,92,0.7485800000000001,29199309766.0,44.35603332519531,0.0,12346000,0.0,0,1.0,1.0,6173000,6173000,1234600,0.0,1.0
2025-05-29 11:58:42,93,0.7517999999999999,29199309766.0,44.35603332519531,0.0,12346000,0.0,0,1.0,1.0,6173000,6173000,1234600,0.0,1.0
2025-05-29 12:01:12,94,0.7580399999999999,29199309766.0,44.35603332519531,0.0,12346000,0.0,0,1.0,1.0,6173000,6173000,1234600,0.0,1.0
2025-05-29 12:03:42,95,0.7596,29199309766.0,44.35603332519531,0.0,12346000,0.0,0,1.0,1.0,6173000,6173000,1234600,0.0,1.0
2025-05-29 12:06:12,96,0.7634199999999999,29199309766.0,44.35603332519531,0.0,12346000,0.0,0,1.0,1.0,6173000,6173000,1234600,0.0,1.0
2025-05-29 12:08:42,97,0.77224,29199309766.0,44.35603332519531,0.0,12346000,0.0,0,1.0,1.0,6173000,6173000,1234600,0.0,1.0
2025-05-29 12:11:12,98,0.77566,29199309766.0,44.35603332519531,0.0,12346000,0.0,0,1.0,1.0,6173000,6173000,1234600,0.0,1.0
2025-05-29 12:13:42,99,0.7771399999999999,29199309766.0,44.35603332519531,0.0,12346000,0.0,0,1.0,1.0,6173000,6173000,1234600,0.0,1.0
2025-05-29 12:16:12,100,0.78518,29199309766.0,44.35603332519531,0.0,12346000,0.0,0,1.0,1.0,6173000,6173000,1234600,0.0,1.0
