timestamp,round,accuracy,flops,memory_bytes,communication_bytes,sparsity,avg_grad_norm,avg_phi,skipped_batches,effective_compute_ratio,compression_ratio,quantization_error,avg_scale_factor,memory_saved,download_bytes,upload_bytes,model_size_bytes,communication_KB,communication_MB,download_KB,upload_KB,model_size_KB
2025-05-18 12:06:37,1,47.19972219582558,10997906850.8,23.139968872070312,65034640.0,0.0,0.0,0.0,0,1.0,1.0,0.0,1.0,0.0,32517320.0,32517320.0,6503464.0,63510.390625,62.02186584472656,31755.1953125,31755.1953125,6351.0390625
2025-05-18 12:07:27,2,77.84078261264891,10997906850.8,23.139968872070312,65034640.0,0.0,0.0,0.0,0,1.0,1.0,0.0,1.0,0.0,32517320.0,32517320.0,6503464.0,63510.390625,62.02186584472656,31755.1953125,31755.1953125,6351.0390625
2025-05-18 12:08:16,3,85.28469539904549,10997906850.8,23.139968872070312,65034640.0,0.0,0.0,0.0,0,1.0,1.0,0.0,1.0,0.0,32517320.0,32517320.0,6503464.0,63510.390625,62.02186584472656,31755.1953125,31755.1953125,6351.0390625
2025-05-18 12:09:06,4,87.69195300730634,10997906850.8,23.139968872070312,65034640.0,0.0,0.0,0.0,0,1.0,1.0,0.0,1.0,0.0,32517320.0,32517320.0,6503464.0,63510.390625,62.02186584472656,31755.1953125,31755.1953125,6351.0390625
2025-05-18 12:09:55,5,89.0679774557713,10997906850.8,23.139968872070312,65034640.0,0.0,0.0,0.0,0,1.0,1.0,0.0,1.0,0.0,32517320.0,32517320.0,6503464.0,63510.390625,62.02186584472656,31755.1953125,31755.1953125,6351.0390625
2025-05-18 12:10:47,6,89.83709307702989,10997906850.8,23.139968872070312,65034640.0,0.0,0.0,0.0,0,1.0,1.0,0.0,1.0,0.0,32517320.0,32517320.0,6503464.0,63510.390625,62.02186584472656,31755.1953125,31755.1953125,6351.0390625
2025-05-18 12:11:40,7,90.70226563090178,10997906850.8,23.139968872070312,65034640.0,0.0,0.0,0.0,0,1.0,1.0,0.0,1.0,0.0,32517320.0,32517320.0,6503464.0,63510.390625,62.02186584472656,31755.1953125,31755.1953125,6351.0390625
2025-05-18 12:12:29,8,91.25780106347494,10997906850.8,23.139968872070312,65034640.0,0.0,0.0,0.0,0,1.0,1.0,0.0,1.0,0.0,32517320.0,32517320.0,6503464.0,63510.390625,62.02186584472656,31755.1953125,31755.1953125,6351.0390625
2025-05-18 12:13:17,9,91.80982821677284,10997906850.8,23.139968872070312,65034640.0,0.0,0.0,0.0,0,1.0,1.0,0.0,1.0,0.0,32517320.0,32517320.0,6503464.0,63510.390625,62.02186584472656,31755.1953125,31755.1953125,6351.0390625
2025-05-18 12:14:06,10,92.16196359821689,10997906850.8,23.139968872070312,65034640.0,0.0,0.0,0.0,0,1.0,1.0,0.0,1.0,0.0,32517320.0,32517320.0,6503464.0,63510.390625,62.02186584472656,31755.1953125,31755.1953125,6351.0390625
2025-05-18 12:14:54,11,92.47186103303022,10997906850.8,23.139968872070312,65034640.0,0.0,0.0,0.0,0,1.0,1.0,0.0,1.0,0.0,32517320.0,32517320.0,6503464.0,63510.390625,62.02186584472656,31755.1953125,31755.1953125,6351.0390625
2025-05-18 12:15:43,12,92.85047279177277,10997906850.8,23.139968872070312,65034640.0,0.0,0.0,0.0,0,1.0,1.0,0.0,1.0,0.0,32517320.0,32517320.0,6503464.0,63510.390625,62.02186584472656,31755.1953125,31755.1953125,6351.0390625
2025-05-18 12:16:31,13,93.1847955065848,10997906850.8,23.139968872070312,65034640.0,0.0,0.0,0.0,0,1.0,1.0,0.0,1.0,0.0,32517320.0,32517320.0,6503464.0,63510.390625,62.02186584472656,31755.1953125,31755.1953125,6351.0390625
2025-05-18 12:17:20,14,93.39435130110557,10997906850.8,23.139968872070312,65034640.0,0.0,0.0,0.0,0,1.0,1.0,0.0,1.0,0.0,32517320.0,32517320.0,6503464.0,63510.390625,62.02186584472656,31755.1953125,31755.1953125,6351.0390625
2025-05-18 12:18:09,15,93.75363764222413,10997906850.8,23.139968872070312,65034640.0,0.0,0.0,0.0,0,1.0,1.0,0.0,1.0,0.0,32517320.0,32517320.0,6503464.0,63510.390625,62.02186584472656,31755.1953125,31755.1953125,6351.0390625
2025-05-18 12:18:57,16,93.82577851532272,10997906850.8,23.139968872070312,65034640.0,0.0,0.0,0.0,0,1.0,1.0,0.0,1.0,0.0,32517320.0,32517320.0,6503464.0,63510.390625,62.02186584472656,31755.1953125,31755.1953125,6351.0390625
2025-05-18 12:19:46,17,94.01670772773505,10997906850.8,23.139968872070312,65034640.0,0.0,0.0,0.0,0,1.0,1.0,0.0,1.0,0.0,32517320.0,32517320.0,6503464.0,63510.390625,62.02186584472656,31755.1953125,31755.1953125,6351.0390625
2025-05-18 12:20:34,18,94.16207479515,10997906850.8,23.139968872070312,65034640.0,0.0,0.0,0.0,0,1.0,1.0,0.0,1.0,0.0,32517320.0,32517320.0,6503464.0,63510.390625,62.02186584472656,31755.1953125,31755.1953125,6351.0390625
2025-05-18 12:21:23,19,94.35981041052783,10997906850.8,23.139968872070312,65034640.0,0.0,0.0,0.0,0,1.0,1.0,0.0,1.0,0.0,32517320.0,32517320.0,6503464.0,63510.390625,62.02186584472656,31755.1953125,31755.1953125,6351.0390625
2025-05-18 12:22:12,20,94.52611893742885,10997906850.8,23.139968872070312,65034640.0,0.0,0.0,0.0,0,1.0,1.0,0.0,1.0,0.0,32517320.0,32517320.0,6503464.0,63510.390625,62.02186584472656,31755.1953125,31755.1953125,6351.0390625
2025-05-18 12:23:00,21,94.6660951109776,10997906850.8,23.139968872070312,65034640.0,0.0,0.0,0.0,0,1.0,1.0,0.0,1.0,0.0,32517320.0,32517320.0,6503464.0,63510.390625,62.02186584472656,31755.1953125,31755.1953125,6351.0390625
2025-05-18 12:23:49,22,94.75148121114321,10997906850.8,23.139968872070312,65034640.0,0.0,0.0,0.0,0,1.0,1.0,0.0,1.0,0.0,32517320.0,32517320.0,6503464.0,63510.390625,62.02186584472656,31755.1953125,31755.1953125,6351.0390625
2025-05-18 12:24:38,23,94.82638270557305,10997906850.8,23.139968872070312,65034640.0,0.0,0.0,0.0,0,1.0,1.0,0.0,1.0,0.0,32517320.0,32517320.0,6503464.0,63510.390625,62.02186584472656,31755.1953125,31755.1953125,6351.0390625
2025-05-18 12:25:29,24,94.85158965855231,10997906850.8,23.139968872070312,65034640.0,0.0,0.0,0.0,0,1.0,1.0,0.0,1.0,0.0,32517320.0,32517320.0,6503464.0,63510.390625,62.02186584472656,31755.1953125,31755.1953125,6351.0390625
2025-05-18 12:26:20,25,94.99898389311187,10997906850.8,23.139968872070312,65034640.0,0.0,0.0,0.0,0,1.0,1.0,0.0,1.0,0.0,32517320.0,32517320.0,6503464.0,63510.390625,62.02186584472656,31755.1953125,31755.1953125,6351.0390625
2025-05-18 12:27:11,26,95.11285957965941,10997906850.8,23.139968872070312,65034640.0,0.0,0.0,0.0,0,1.0,1.0,0.0,1.0,0.0,32517320.0,32517320.0,6503464.0,63510.390625,62.02186584472656,31755.1953125,31755.1953125,6351.0390625
2025-05-18 12:28:03,27,95.22452507327884,10997906850.8,23.139968872070312,65034640.0,0.0,0.0,0.0,0,1.0,1.0,0.0,1.0,0.0,32517320.0,32517320.0,6503464.0,63510.390625,62.02186584472656,31755.1953125,31755.1953125,6351.0390625
2025-05-18 12:28:53,28,95.30325305233006,10997906850.8,23.139968872070312,65034640.0,0.0,0.0,0.0,0,1.0,1.0,0.0,1.0,0.0,32517320.0,32517320.0,6503464.0,63510.390625,62.02186584472656,31755.1953125,31755.1953125,6351.0390625
2025-05-18 12:29:44,29,95.33031674278904,10997906850.8,23.139968872070312,65034640.0,0.0,0.0,0.0,0,1.0,1.0,0.0,1.0,0.0,32517320.0,32517320.0,6503464.0,63510.390625,62.02186584472656,31755.1953125,31755.1953125,6351.0390625
2025-05-18 12:30:35,30,95.42770123332886,10997906850.8,23.139968872070312,65034640.0,0.0,0.0,0.0,0,1.0,1.0,0.0,1.0,0.0,32517320.0,32517320.0,6503464.0,63510.390625,62.02186584472656,31755.1953125,31755.1953125,6351.0390625
2025-05-18 12:31:23,31,95.4461305554465,10997906850.8,23.139968872070312,65034640.0,0.0,0.0,0.0,0,1.0,1.0,0.0,1.0,0.0,32517320.0,32517320.0,6503464.0,63510.390625,62.02186584472656,31755.1953125,31755.1953125,6351.0390625
2025-05-18 12:32:12,32,95.5636836054405,10997906850.8,23.139968872070312,65034640.0,0.0,0.0,0.0,0,1.0,1.0,0.0,1.0,0.0,32517320.0,32517320.0,6503464.0,63510.390625,62.02186584472656,31755.1953125,31755.1953125,6351.0390625
2025-05-18 12:33:01,33,95.58146852541047,10997906850.8,23.139968872070312,65034640.0,0.0,0.0,0.0,0,1.0,1.0,0.0,1.0,0.0,32517320.0,32517320.0,6503464.0,63510.390625,62.02186584472656,31755.1953125,31755.1953125,6351.0390625
2025-05-18 12:33:49,34,95.6549213474313,10997906850.8,23.139968872070312,65034640.0,0.0,0.0,0.0,0,1.0,1.0,0.0,1.0,0.0,32517320.0,32517320.0,6503464.0,63510.390625,62.02186584472656,31755.1953125,31755.1953125,6351.0390625
2025-05-18 12:34:37,35,95.79062561607978,10997906850.8,23.139968872070312,65034640.0,0.0,0.0,0.0,0,1.0,1.0,0.0,1.0,0.0,32517320.0,32517320.0,6503464.0,63510.390625,62.02186584472656,31755.1953125,31755.1953125,6351.0390625
2025-05-18 12:35:25,36,95.85531670638089,10997906850.8,23.139968872070312,65034640.0,0.0,0.0,0.0,0,1.0,1.0,0.0,1.0,0.0,32517320.0,32517320.0,6503464.0,63510.390625,62.02186584472656,31755.1953125,31755.1953125,6351.0390625
2025-05-18 12:36:14,37,95.85958718876094,10997906850.8,23.139968872070312,65034640.0,0.0,0.0,0.0,0,1.0,1.0,0.0,1.0,0.0,32517320.0,32517320.0,6503464.0,63510.390625,62.02186584472656,31755.1953125,31755.1953125,6351.0390625
2025-05-18 12:37:02,38,95.83746892443375,10997906850.8,23.139968872070312,65034640.0,0.0,0.0,0.0,0,1.0,1.0,0.0,1.0,0.0,32517320.0,32517320.0,6503464.0,63510.390625,62.02186584472656,31755.1953125,31755.1953125,6351.0390625
2025-05-18 12:37:50,39,95.86442841189965,10997906850.8,23.139968872070312,65034640.0,0.0,0.0,0.0,0,1.0,1.0,0.0,1.0,0.0,32517320.0,32517320.0,6503464.0,63510.390625,62.02186584472656,31755.1953125,31755.1953125,6351.0390625
2025-05-18 12:38:39,40,95.97675502214905,10997906850.8,23.139968872070312,65034640.0,0.0,0.0,0.0,0,1.0,1.0,0.0,1.0,0.0,32517320.0,32517320.0,6503464.0,63510.390625,62.02186584472656,31755.1953125,31755.1953125,6351.0390625
2025-05-18 12:39:27,41,96.03342722371025,10997906850.8,23.139968872070312,65034640.0,0.0,0.0,0.0,0,1.0,1.0,0.0,1.0,0.0,32517320.0,32517320.0,6503464.0,63510.390625,62.02186584472656,31755.1953125,31755.1953125,6351.0390625
2025-05-18 12:40:15,42,96.01886006083564,10997906850.8,23.139968872070312,65034640.0,0.0,0.0,0.0,0,1.0,1.0,0.0,1.0,0.0,32517320.0,32517320.0,6503464.0,63510.390625,62.02186584472656,31755.1953125,31755.1953125,6351.0390625
2025-05-18 12:41:03,43,96.11722879997262,10997906850.8,23.139968872070312,65034640.0,0.0,0.0,0.0,0,1.0,1.0,0.0,1.0,0.0,32517320.0,32517320.0,6503464.0,63510.390625,62.02186584472656,31755.1953125,31755.1953125,6351.0390625
2025-05-18 12:41:51,44,96.10966558228843,10997906850.8,23.139968872070312,65034640.0,0.0,0.0,0.0,0,1.0,1.0,0.0,1.0,0.0,32517320.0,32517320.0,6503464.0,63510.390625,62.02186584472656,31755.1953125,31755.1953125,6351.0390625
2025-05-18 12:42:39,45,96.10764126600948,10997906850.8,23.139968872070312,65034640.0,0.0,0.0,0.0,0,1.0,1.0,0.0,1.0,0.0,32517320.0,32517320.0,6503464.0,63510.390625,62.02186584472656,31755.1953125,31755.1953125,6351.0390625
2025-05-18 12:43:27,46,96.10994257284983,10997906850.8,23.139968872070312,65034640.0,0.0,0.0,0.0,0,1.0,1.0,0.0,1.0,0.0,32517320.0,32517320.0,6503464.0,63510.390625,62.02186584472656,31755.1953125,31755.1953125,6351.0390625
2025-05-18 12:44:15,47,96.34222948159412,10997906850.8,23.139968872070312,65034640.0,0.0,0.0,0.0,0,1.0,1.0,0.0,1.0,0.0,32517320.0,32517320.0,6503464.0,63510.390625,62.02186584472656,31755.1953125,31755.1953125,6351.0390625
2025-05-18 12:45:03,48,96.22356024803676,10997906850.8,23.139968872070312,65034640.0,0.0,0.0,0.0,0,1.0,1.0,0.0,1.0,0.0,32517320.0,32517320.0,6503464.0,63510.390625,62.02186584472656,31755.1953125,31755.1953125,6351.0390625
2025-05-18 12:45:52,49,96.2906409039118,10997906850.8,23.139968872070312,65034640.0,0.0,0.0,0.0,0,1.0,1.0,0.0,1.0,0.0,32517320.0,32517320.0,6503464.0,63510.390625,62.02186584472656,31755.1953125,31755.1953125,6351.0390625
2025-05-18 12:46:41,50,96.27320049896129,10997906850.8,23.139968872070312,65034640.0,0.0,0.0,0.0,0,1.0,1.0,0.0,1.0,0.0,32517320.0,32517320.0,6503464.0,63510.390625,62.02186584472656,31755.1953125,31755.1953125,6351.0390625
2025-05-18 12:47:30,51,96.41067613628448,10997906850.8,23.139968872070312,65034640.0,0.0,0.0,0.0,0,1.0,1.0,0.0,1.0,0.0,32517320.0,32517320.0,6503464.0,63510.390625,62.02186584472656,31755.1953125,31755.1953125,6351.0390625
2025-05-18 12:48:18,52,96.31547744574137,10997906850.8,23.139968872070312,65034640.0,0.0,0.0,0.0,0,1.0,1.0,0.0,1.0,0.0,32517320.0,32517320.0,6503464.0,63510.390625,62.02186584472656,31755.1953125,31755.1953125,6351.0390625
2025-05-18 12:49:06,53,96.33452133943092,10997906850.8,23.139968872070312,65034640.0,0.0,0.0,0.0,0,1.0,1.0,0.0,1.0,0.0,32517320.0,32517320.0,6503464.0,63510.390625,62.02186584472656,31755.1953125,31755.1953125,6351.0390625
2025-05-18 12:49:53,54,96.3588230833609,10997906850.8,23.139968872070312,65034640.0,0.0,0.0,0.0,0,1.0,1.0,0.0,1.0,0.0,32517320.0,32517320.0,6503464.0,63510.390625,62.02186584472656,31755.1953125,31755.1953125,6351.0390625
2025-05-18 12:50:41,55,96.42479545004086,10997906850.8,23.139968872070312,65034640.0,0.0,0.0,0.0,0,1.0,1.0,0.0,1.0,0.0,32517320.0,32517320.0,6503464.0,63510.390625,62.02186584472656,31755.1953125,31755.1953125,6351.0390625
2025-05-18 12:51:28,56,96.43581896800596,10997906850.8,23.139968872070312,65034640.0,0.0,0.0,0.0,0,1.0,1.0,0.0,1.0,0.0,32517320.0,32517320.0,6503464.0,63510.390625,62.02186584472656,31755.1953125,31755.1953125,6351.0390625
2025-05-18 12:52:16,57,96.409165141628,10997906850.8,23.139968872070312,65034640.0,0.0,0.0,0.0,0,1.0,1.0,0.0,1.0,0.0,32517320.0,32517320.0,6503464.0,63510.390625,62.02186584472656,31755.1953125,31755.1953125,6351.0390625
2025-05-18 12:53:04,58,96.43493169899551,10997906850.8,23.139968872070312,65034640.0,0.0,0.0,0.0,0,1.0,1.0,0.0,1.0,0.0,32517320.0,32517320.0,6503464.0,63510.390625,62.02186584472656,31755.1953125,31755.1953125,6351.0390625
2025-05-18 12:53:51,59,96.49569862531767,10997906850.8,23.139968872070312,65034640.0,0.0,0.0,0.0,0,1.0,1.0,0.0,1.0,0.0,32517320.0,32517320.0,6503464.0,63510.390625,62.02186584472656,31755.1953125,31755.1953125,6351.0390625
2025-05-18 12:54:38,60,96.50352894201926,10997906850.8,23.139968872070312,65034640.0,0.0,0.0,0.0,0,1.0,1.0,0.0,1.0,0.0,32517320.0,32517320.0,6503464.0,63510.390625,62.02186584472656,31755.1953125,31755.1953125,6351.0390625
2025-05-18 12:55:26,61,96.55129989386062,10997906850.8,23.139968872070312,65034640.0,0.0,0.0,0.0,0,1.0,1.0,0.0,1.0,0.0,32517320.0,32517320.0,6503464.0,63510.390625,62.02186584472656,31755.1953125,31755.1953125,6351.0390625
2025-05-18 12:56:13,62,96.6180412945076,10997906850.8,23.139968872070312,65034640.0,0.0,0.0,0.0,0,1.0,1.0,0.0,1.0,0.0,32517320.0,32517320.0,6503464.0,63510.390625,62.02186584472656,31755.1953125,31755.1953125,6351.0390625
2025-05-18 12:57:01,63,96.56914865895756,10997906850.8,23.139968872070312,65034640.0,0.0,0.0,0.0,0,1.0,1.0,0.0,1.0,0.0,32517320.0,32517320.0,6503464.0,63510.390625,62.02186584472656,31755.1953125,31755.1953125,6351.0390625
2025-05-18 12:57:48,64,96.64624148741343,10997906850.8,23.139968872070312,65034640.0,0.0,0.0,0.0,0,1.0,1.0,0.0,1.0,0.0,32517320.0,32517320.0,6503464.0,63510.390625,62.02186584472656,31755.1953125,31755.1953125,6351.0390625
2025-05-18 12:58:36,65,96.69135871366306,10997906850.8,23.139968872070312,65034640.0,0.0,0.0,0.0,0,1.0,1.0,0.0,1.0,0.0,32517320.0,32517320.0,6503464.0,63510.390625,62.02186584472656,31755.1953125,31755.1953125,6351.0390625
2025-05-18 12:59:23,66,96.57001983821021,10997906850.8,23.139968872070312,65034640.0,0.0,0.0,0.0,0,1.0,1.0,0.0,1.0,0.0,32517320.0,32517320.0,6503464.0,63510.390625,62.02186584472656,31755.1953125,31755.1953125,6351.0390625
2025-05-18 13:00:11,67,96.62762096597491,10997906850.8,23.139968872070312,65034640.0,0.0,0.0,0.0,0,1.0,1.0,0.0,1.0,0.0,32517320.0,32517320.0,6503464.0,63510.390625,62.02186584472656,31755.1953125,31755.1953125,6351.0390625
2025-05-18 13:00:58,68,96.67261248040487,10997906850.8,23.139968872070312,65034640.0,0.0,0.0,0.0,0,1.0,1.0,0.0,1.0,0.0,32517320.0,32517320.0,6503464.0,63510.390625,62.02186584472656,31755.1953125,31755.1953125,6351.0390625
2025-05-18 13:01:46,69,96.68464362676757,10997906850.8,23.139968872070312,65034640.0,0.0,0.0,0.0,0,1.0,1.0,0.0,1.0,0.0,32517320.0,32517320.0,6503464.0,63510.390625,62.02186584472656,31755.1953125,31755.1953125,6351.0390625
2025-05-18 13:02:33,70,96.59474391384865,10997906850.8,23.139968872070312,65034640.0,0.0,0.0,0.0,0,1.0,1.0,0.0,1.0,0.0,32517320.0,32517320.0,6503464.0,63510.390625,62.02186584472656,31755.1953125,31755.1953125,6351.0390625
2025-05-18 13:03:20,71,96.61618668642011,10997906850.8,23.139968872070312,65034640.0,0.0,0.0,0.0,0,1.0,1.0,0.0,1.0,0.0,32517320.0,32517320.0,6503464.0,63510.390625,62.02186584472656,31755.1953125,31755.1953125,6351.0390625
2025-05-18 13:04:08,72,96.67948768691818,10997906850.8,23.139968872070312,65034640.0,0.0,0.0,0.0,0,1.0,1.0,0.0,1.0,0.0,32517320.0,32517320.0,6503464.0,63510.390625,62.02186584472656,31755.1953125,31755.1953125,6351.0390625
2025-05-18 13:04:55,73,96.71387354669724,10997906850.8,23.139968872070312,65034640.0,0.0,0.0,0.0,0,1.0,1.0,0.0,1.0,0.0,32517320.0,32517320.0,6503464.0,63510.390625,62.02186584472656,31755.1953125,31755.1953125,6351.0390625
2025-05-18 13:05:43,74,96.72706611368292,10997906850.8,23.139968872070312,65034640.0,0.0,0.0,0.0,0,1.0,1.0,0.0,1.0,0.0,32517320.0,32517320.0,6503464.0,63510.390625,62.02186584472656,31755.1953125,31755.1953125,6351.0390625
2025-05-18 13:06:31,75,96.79803631571565,10997906850.8,23.139968872070312,65034640.0,0.0,0.0,0.0,0,1.0,1.0,0.0,1.0,0.0,32517320.0,32517320.0,6503464.0,63510.390625,62.02186584472656,31755.1953125,31755.1953125,6351.0390625
2025-05-18 13:07:18,76,96.76283110912257,10997906850.8,23.139968872070312,65034640.0,0.0,0.0,0.0,0,1.0,1.0,0.0,1.0,0.0,32517320.0,32517320.0,6503464.0,63510.390625,62.02186584472656,31755.1953125,31755.1953125,6351.0390625
2025-05-18 13:08:06,77,96.75879088862207,10997906850.8,23.139968872070312,65034640.0,0.0,0.0,0.0,0,1.0,1.0,0.0,1.0,0.0,32517320.0,32517320.0,6503464.0,63510.390625,62.02186584472656,31755.1953125,31755.1953125,6351.0390625
2025-05-18 13:08:55,78,96.78053524625469,10997906850.8,23.139968872070312,65034640.0,0.0,0.0,0.0,0,1.0,1.0,0.0,1.0,0.0,32517320.0,32517320.0,6503464.0,63510.390625,62.02186584472656,31755.1953125,31755.1953125,6351.0390625
2025-05-18 13:09:43,79,96.74358479529062,10997906850.8,23.139968872070312,65034640.0,0.0,0.0,0.0,0,1.0,1.0,0.0,1.0,0.0,32517320.0,32517320.0,6503464.0,63510.390625,62.02186584472656,31755.1953125,31755.1953125,6351.0390625
2025-05-18 13:10:31,80,96.83447914013925,10997906850.8,23.139968872070312,65034640.0,0.0,0.0,0.0,0,1.0,1.0,0.0,1.0,0.0,32517320.0,32517320.0,6503464.0,63510.390625,62.02186584472656,31755.1953125,31755.1953125,6351.0390625
2025-05-18 13:11:18,81,96.82057626371041,10997906850.8,23.139968872070312,65034640.0,0.0,0.0,0.0,0,1.0,1.0,0.0,1.0,0.0,32517320.0,32517320.0,6503464.0,63510.390625,62.02186584472656,31755.1953125,31755.1953125,6351.0390625
2025-05-18 13:12:06,82,96.77910439469936,10997906850.8,23.139968872070312,65034640.0,0.0,0.0,0.0,0,1.0,1.0,0.0,1.0,0.0,32517320.0,32517320.0,6503464.0,63510.390625,62.02186584472656,31755.1953125,31755.1953125,6351.0390625
2025-05-18 13:12:54,83,96.84629967010625,10997906850.8,23.139968872070312,65034640.0,0.0,0.0,0.0,0,1.0,1.0,0.0,1.0,0.0,32517320.0,32517320.0,6503464.0,63510.390625,62.02186584472656,31755.1953125,31755.1953125,6351.0390625
2025-05-18 13:13:42,84,96.81284698081572,10997906850.8,23.139968872070312,65034640.0,0.0,0.0,0.0,0,1.0,1.0,0.0,1.0,0.0,32517320.0,32517320.0,6503464.0,63510.390625,62.02186584472656,31755.1953125,31755.1953125,6351.0390625
2025-05-18 13:14:30,85,96.81619321516017,10997906850.8,23.139968872070312,65034640.0,0.0,0.0,0.0,0,1.0,1.0,0.0,1.0,0.0,32517320.0,32517320.0,6503464.0,63510.390625,62.02186584472656,31755.1953125,31755.1953125,6351.0390625
2025-05-18 13:15:17,86,96.71921235812962,10997906850.8,23.139968872070312,65034640.0,0.0,0.0,0.0,0,1.0,1.0,0.0,1.0,0.0,32517320.0,32517320.0,6503464.0,63510.390625,62.02186584472656,31755.1953125,31755.1953125,6351.0390625
2025-05-18 13:16:05,87,96.74278153688451,10997906850.8,23.139968872070312,65034640.0,0.0,0.0,0.0,0,1.0,1.0,0.0,1.0,0.0,32517320.0,32517320.0,6503464.0,63510.390625,62.02186584472656,31755.1953125,31755.1953125,6351.0390625
2025-05-18 13:16:53,88,96.82466784021119,10997906850.8,23.139968872070312,65034640.0,0.0,0.0,0.0,0,1.0,1.0,0.0,1.0,0.0,32517320.0,32517320.0,6503464.0,63510.390625,62.02186584472656,31755.1953125,31755.1953125,6351.0390625
2025-05-18 13:17:41,89,96.83804099724216,10997906850.8,23.139968872070312,65034640.0,0.0,0.0,0.0,0,1.0,1.0,0.0,1.0,0.0,32517320.0,32517320.0,6503464.0,63510.390625,62.02186584472656,31755.1953125,31755.1953125,6351.0390625
2025-05-18 13:18:29,90,96.7997234645422,10997906850.8,23.139968872070312,65034640.0,0.0,0.0,0.0,0,1.0,1.0,0.0,1.0,0.0,32517320.0,32517320.0,6503464.0,63510.390625,62.02186584472656,31755.1953125,31755.1953125,6351.0390625
2025-05-18 13:19:16,91,96.83247619100446,10997906850.8,23.139968872070312,65034640.0,0.0,0.0,0.0,0,1.0,1.0,0.0,1.0,0.0,32517320.0,32517320.0,6503464.0,63510.390625,62.02186584472656,31755.1953125,31755.1953125,6351.0390625
2025-05-18 13:20:04,92,96.8580523568991,10997906850.8,23.139968872070312,65034640.0,0.0,0.0,0.0,0,1.0,1.0,0.0,1.0,0.0,32517320.0,32517320.0,6503464.0,63510.390625,62.02186584472656,31755.1953125,31755.1953125,6351.0390625
2025-05-18 13:20:52,93,96.80569204865773,10997906850.8,23.139968872070312,65034640.0,0.0,0.0,0.0,0,1.0,1.0,0.0,1.0,0.0,32517320.0,32517320.0,6503464.0,63510.390625,62.02186584472656,31755.1953125,31755.1953125,6351.0390625
2025-05-18 13:21:39,94,96.80678784175429,10997906850.8,23.139968872070312,65034640.0,0.0,0.0,0.0,0,1.0,1.0,0.0,1.0,0.0,32517320.0,32517320.0,6503464.0,63510.390625,62.02186584472656,31755.1953125,31755.1953125,6351.0390625
2025-05-18 13:22:27,95,96.85950675746679,10997906850.8,23.139968872070312,65034640.0,0.0,0.0,0.0,0,1.0,1.0,0.0,1.0,0.0,32517320.0,32517320.0,6503464.0,63510.390625,62.02186584472656,31755.1953125,31755.1953125,6351.0390625
2025-05-18 13:23:17,96,96.84340528501052,10997906850.8,23.139968872070312,65034640.0,0.0,0.0,0.0,0,1.0,1.0,0.0,1.0,0.0,32517320.0,32517320.0,6503464.0,63510.390625,62.02186584472656,31755.1953125,31755.1953125,6351.0390625
2025-05-18 13:24:07,97,96.73297595331746,10997906850.8,23.139968872070312,65034640.0,0.0,0.0,0.0,0,1.0,1.0,0.0,1.0,0.0,32517320.0,32517320.0,6503464.0,63510.390625,62.02186584472656,31755.1953125,31755.1953125,6351.0390625
2025-05-18 13:24:55,98,96.78760975677348,10997906850.8,23.139968872070312,65034640.0,0.0,0.0,0.0,0,1.0,1.0,0.0,1.0,0.0,32517320.0,32517320.0,6503464.0,63510.390625,62.02186584472656,31755.1953125,31755.1953125,6351.0390625
2025-05-18 13:25:43,99,96.92277110284998,10997906850.8,23.139968872070312,65034640.0,0.0,0.0,0.0,0,1.0,1.0,0.0,1.0,0.0,32517320.0,32517320.0,6503464.0,63510.390625,62.02186584472656,31755.1953125,31755.1953125,6351.0390625
2025-05-18 13:26:30,100,96.78407620305401,10997906850.8,23.139968872070312,65034640.0,0.0,0.0,0.0,0,1.0,1.0,0.0,1.0,0.0,32517320.0,32517320.0,6503464.0,63510.390625,62.02186584472656,31755.1953125,31755.1953125,6351.0390625
