round,accuracy,flops,memory_MB,memory_saved,communication_bytes,sparsity,avg_grad_norm,avg_phi,skipped_batches,effective_compute_ratio,compression_ratio,quantization_error,avg_scale_factor
1,0.16436,96997555652.0,1049.62109375,0.0,4935718.399999999,0.9440005079823688,1.3067177213088972,0.0,279,0.8439050434438059,0.999456990118257,3.2325257752444584e-05,160376.0408553269
2,0.16548000000000002,85985391480.0,1060.80859375,12375.333297729492,4935180.8,0.9481337075574012,1.3109538886428767,0.0,425,0.7746257332095464,0.9993481289486473,3.255956816933593e-05,155135.4526721682
3,0.16756,82364953944.0,1062.71484375,18851.314163208008,4935219.2,0.9487867112727345,1.2997532944963255,0.0,473,0.7518241426079577,0.9993559047464766,3.2718225160046594e-05,156137.966768404
4,0.16813999999999998,81610696124.0,416.90234375,20980.403762817383,4934828.8,0.9488626504768227,1.2888858611598621,0.0,483,0.7465024732581659,0.9992768508018791,3.285598574221798e-05,157415.9227066193
5,0.16982,81233567214.0,421.73828125,21423.964096069336,4934751.999999999,0.949216801602369,1.2512719139872486,0.0,488,0.7452123082228592,0.9992612992062206,3.2915890127545375e-05,159265.35536971485
6,0.16094,77236000768.0,424.2578125,21645.744262695312,4934646.399999999,0.9499011958016848,1.2288794013740865,0.0,541,0.7158233374751364,0.9992399157621902,3.285043082695342e-05,159068.5975532533
7,0.17393999999999998,77688555460.0,391.5,23996.614028930664,4934528.0,0.9499880114810566,1.2028501445817152,0.0,535,0.7173246958438945,0.99921594038555,3.2762771128189415e-05,157090.19314698773
8,0.16978,73163008540.0,404.0,23730.477828979492,4934614.399999999,0.9499187127931925,1.1897022584304924,0.0,595,0.6900326196811759,0.9992334359306658,3.274111165081498e-05,154938.3951131564
9,0.17382,71654492900.0,407.4296875,26391.83982849121,4934544.0,0.9498810825497961,1.2217177459004627,0.0,615,0.6766262817377383,0.9992191803013122,3.280043393793778e-05,151711.43915251995
10,0.17192,70372254606.0,414.4453125,27278.960494995117,4934057.6,0.9499440404693074,1.2255220919254879,0.0,632,0.6611148920110613,0.9991206868621416,3.288945447339451e-05,148002.91085591484
11,0.17568,71805344464.0,418.59765625,28033.013061523438,4934463.999999999,0.9498716626851657,1.2262926798169012,0.0,613,0.6711273755616156,0.9992029807225012,3.300920061670199e-05,144810.13553366865
12,0.17572,69165442094.0,423.19921875,27190.248428344727,4934316.799999999,0.9499624024770374,1.180617839526702,0.0,648,0.6509047873164592,0.999173173497489,3.3010358047343406e-05,141308.50637455512
13,0.17553999999999997,68486610056.0,422.83984375,28742.709594726562,4934399.999999999,0.95,1.2110409015036399,0.0,657,0.6438814656697588,0.9991900210594524,3.3114924154311916e-05,137580.23999445903
14,0.17417999999999997,69768848350.0,428.734375,29141.91389465332,4934182.399999999,0.9498733998933575,1.1856385504130018,0.0,640,0.6574854247572443,0.9991459582050867,3.314519321811952e-05,134640.86060439807
15,0.17744,70372254606.0,431.8515625,28387.861328125,4934342.399999999,0.9499560851191162,1.1694226564145667,0.0,632,0.6625999533390905,0.9991783573627085,3.317633579291779e-05,131952.22347880024
16,0.17665999999999998,70598531952.0,420.71484375,28033.013061523438,4934019.2,0.95,1.1755136188841382,0.0,629,0.6683263325336531,0.9991129110643123,3.322749937646543e-05,129423.23049664826
17,0.18006,69014590530.0,429.51171875,27899.94496154785,4934012.799999999,0.9499991732125326,1.1750699922581664,0.0,650,0.6519512170040789,0.9991116150980075,3.3283178725650666e-05,126792.76614795407
18,0.1784,68184906928.0,434.59375,28831.421661376953,4933862.399999999,0.95,1.1771251858542113,0.0,661,0.6519254003394522,0.9990811598898429,3.334398053170916e-05,124568.54291634934
19,0.17772000000000002,71201938208.0,439.1796875,29319.3380279541,4934147.199999999,0.95,1.1657399819972383,0.0,621,0.6704653234682724,0.9991388303904098,3.338595558187872e-05,122440.93884226319
20,0.17812,70145977260.0,452.59765625,27545.09669494629,4934358.399999999,0.95,1.1902109185990635,0.0,635,0.6647050051223301,0.9991815972784708,3.3478106477588845e-05,120610.64258739888
21,0.17886,69090016312.0,456.88671875,28166.081161499023,4933849.6,0.95,1.170352113511152,0.0,649,0.6487753333614787,0.9990785679572332,3.354558625981602e-05,118647.43537432518
22,0.18228,69617996786.0,463.29296875,28787.065628051758,4934112.0,0.9499642272907906,1.1605562128508091,0.0,642,0.6551556074511493,0.999131702575733,3.359487698078555e-05,116846.88872063314
23,0.18178,70598531952.0,467.0,28476.57339477539,4933993.6,0.95,1.1632320915274543,0.0,629,0.6664134869032928,0.9991077271990928,3.3664064013667896e-05,115295.99721048
24,0.17775999999999997,70145977260.0,470.4375,27899.94496154785,4933865.6,0.95,1.1718660290836405,0.0,635,0.6625904510709338,0.9990818078729953,3.374891369354987e-05,113726.59345153016
25,0.17768,69995125696.0,474.83984375,28166.081161499023,4934179.199999999,0.95,1.16830462248554,0.0,637,0.6617375726061151,0.9991453102219342,3.382119576398277e-05,112165.69341577217
26,0.18188,71051086644.0,478.390625,28254.793228149414,4933958.399999999,0.95,1.1590724921248663,0.0,623,0.6660101221284439,0.999100599384416,3.389110840426533e-05,110675.5312976441
27,0.18069999999999997,69542571004.0,474.5390625,27633.80876159668,4933827.199999999,0.95,1.1499793626012231,0.0,643,0.6574813374802562,0.9990740320751661,3.395451038598507e-05,109366.00015748144
28,0.18180000000000002,68637461620.0,480.0546875,28520.929428100586,4933670.399999999,0.95,1.1847374759048601,0.0,655,0.6451540059501554,0.9990422809006966,3.4049714093885876e-05,108013.74682537156
29,0.18295999999999998,69467145222.0,485.421875,29053.20182800293,4933651.199999999,0.95,1.1730238281303236,0.0,644,0.6606572211228565,0.999038393001782,3.4136868559277994e-05,106859.94351474408
30,0.17915999999999999,69090016312.0,487.8046875,28565.28546142578,4933814.4,0.95,1.1688730457014316,0.0,649,0.6513149642196214,0.9990714401425563,3.421306625816994e-05,105663.11355279316
31,0.1808,69090016312.0,502.3203125,28787.065628051758,4933775.999999999,0.8268365257675814,1.1819252473595978,0.0,649,0.6532305173455661,0.999063664344727,3.4307325811383795e-05,104532.41338351768
32,0.18374,68712887402.0,506.68359375,28787.065628051758,4933660.8,0.8299109883792294,1.1723851533331247,0.0,654,0.6525779675203797,0.9990403369512393,3.438659360978335e-05,103465.96600527498
33,0.18194,69844274132.0,510.12890625,29008.845794677734,4933574.399999999,0.8293061242471413,1.1935462466857005,0.0,639,0.6583423557875691,0.9990228414061234,3.448411231488743e-05,102482.91171002368
34,0.18404,70824809298.0,513.9140625,28343.505294799805,4933712.0,0.8342447958783445,1.1753348212984622,0.0,626,0.6717256192734462,0.9990507046816782,3.4562347013015584e-05,101606.72137701459
35,0.18272,69165442094.0,517.58203125,27766.876861572266,4933427.199999999,0.8359044802979166,1.1764868576552956,0.0,648,0.6610660182446152,0.9989930341811113,3.4650701235567614e-05,100852.16085891632
36,0.18444,69844274132.0,521.34765625,28742.709594726562,4933260.799999999,0.8383254584931992,1.1784638166270685,0.0,639,0.6566420485605822,0.9989593390571845,3.4733541986209535e-05,100045.55083374637
37,0.18256,69467145222.0,524.8515625,28343.505294799805,4933318.399999999,0.8384749393500666,1.2048205604401003,0.0,644,0.6549403441964506,0.9989710027539284,3.483444297284551e-05,99309.15883094833
38,0.18474000000000002,69240867876.0,528.42578125,28565.28546142578,4933254.399999999,0.8406023176105217,1.2072419163396926,0.0,647,0.6564104882651545,0.9989580430908797,3.494041298689929e-05,98522.58144432458
39,0.18006,69391719440.0,532.265625,28698.353561401367,4933327.999999999,0.8432639751310005,1.19659351593218,0.0,645,0.6528135977370544,0.9989729467033858,3.503732092875307e-05,97793.97866335112
40,0.18336,69617996786.0,535.66015625,28609.641494750977,4933302.399999999,0.8451577195898505,1.213331870492711,0.0,642,0.6617226379910488,0.9989677628381662,3.514203871643963e-05,97162.6478326566
41,0.18494,68335758492.0,539.50390625,28476.57339477539,4933116.799999999,0.8481771020439789,1.2032852469810087,0.0,659,0.6523532019975243,0.9989301798153248,3.524572802237433e-05,96493.82015170045
42,0.18273999999999996,70221403042.0,543.19140625,29230.62596130371,4932899.199999999,0.8528143406373191,1.2002052050776566,0.0,634,0.6659815979682329,0.998886116960959,3.534301032334741e-05,95894.03000271485
43,0.18517999999999996,69542571004.0,546.72265625,28121.725128173828,4932735.999999999,0.852161576680986,1.2171766211229,0.0,643,0.6636205837178244,0.9988530698201846,3.5446288735413236e-05,95354.93038530063
44,0.18604,70221403042.0,550.3203125,28520.929428100586,4932492.799999999,0.8562267119397129,1.2381108588272192,0.0,634,0.6661968438671906,0.9988038231005993,3.5563711084079346e-05,94723.22120780082
45,0.18633999999999998,70598531952.0,553.87109375,28121.725128173828,4932265.6,0.8577255061302059,1.2103033004167676,0.0,629,0.6687487018448154,0.9987578162967763,3.565553191418713e-05,94166.79963077283
46,0.18458,69995125696.0,557.453125,27899.94496154785,4932409.6,0.8592458077704969,1.2488853198301433,0.0,637,0.6623643578338976,0.998786975538636,3.577309502696363e-05,93605.30451294947
47,0.18447999999999998,71277363990.0,543.1328125,28254.793228149414,4931884.8,0.8621483914186717,1.234046984011165,0.0,620,0.6768211780304609,0.9986807063016362,3.587764483958445e-05,93180.17265998616
48,0.18483999999999998,71201938208.0,547.47265625,27500.740661621094,4931887.999999999,0.864882855462892,1.2591587046095982,0.0,621,0.6793675689496943,0.9986813542847885,3.599587964536663e-05,92775.67519457468
49,0.18612,71201938208.0,552.56640625,27545.09669494629,4931724.8,0.8672953024273349,1.2576301687772475,0.0,621,0.6721520932173374,0.9986483071440142,3.6105377393608545e-05,92351.06487095999
50,0.18434,71503641336.0,558.14453125,27545.09669494629,4931369.6,0.869385730532659,1.2634271478969024,0.0,617,0.6814956951904942,0.9985763810140936,3.621501459344725e-05,91994.88764688795
51,0.1848,71805344464.0,561.671875,27367.672561645508,4931308.8,0.8715048393769329,1.273885338017943,0.0,613,0.6848963443559499,0.9985640693341973,3.633004593265868e-05,91678.57016444353
52,0.18649999999999997,70975660862.0,565.5234375,27190.248428344727,4930652.799999999,0.871553440198231,1.298489048834862,0.0,624,0.6753252520086125,0.9984312327879475,3.6454689639746975e-05,91261.71479612097
53,0.18652,71051086644.0,569.25390625,27678.164794921875,4930659.199999999,0.8766237509486196,1.2731770540830485,0.0,623,0.6814793981497653,0.9984325287542524,3.656569954579941e-05,90930.51226846351
54,0.18568,70749383516.0,572.79296875,27633.80876159668,4930262.399999999,0.8737262325272802,1.3305527260155965,0.0,627,0.6795583953211699,0.99835217884335,3.670229307163116e-05,90590.73916117227
55,0.18484,70673957734.0,578.046875,27811.23289489746,4930124.8,0.877670466895189,1.2999913087870099,0.0,628,0.677224525449569,0.9983243155677952,3.681356278727115e-05,90285.9770414121
56,0.18606,71880770246.0,581.83203125,27855.588928222656,4929833.599999999,0.8759078156079365,1.3522726681728365,0.0,612,0.6859549838073107,0.9982653491009233,3.6950095919219037e-05,89952.63512217232
57,0.18753999999999998,69467145222.0,585.171875,27145.89239501953,4929968.0,0.878579812660773,1.3590312623492893,0.0,644,0.6701862518320612,0.9982925643933258,3.707856969794825e-05,89659.1556353867
58,0.18717999999999999,71352789772.0,588.234375,28565.28546142578,4929299.2,0.8774870436289746,1.3775268488328032,0.0,619,0.6806455242212598,0.9981571359144662,3.722036645695107e-05,89298.46594442849
59,0.1858,71805344464.0,579.28515625,27456.3846282959,4929036.799999999,0.8818559695492512,1.3450679567685833,0.0,613,0.6880708829286286,0.9981040012959663,3.733695119195736e-05,89070.03948491879
60,0.18661999999999998,70598531952.0,582.6875,27190.248428344727,4928131.199999999,0.8808676405864029,1.3895687844479474,0.0,629,0.6791333011586823,0.9979206220638264,3.7477751481186524e-05,88730.62040893978
61,0.18697999999999998,70975660862.0,588.41015625,27899.94496154785,4928431.999999999,0.8822516056072688,1.3901564401718083,0.0,624,0.6857071438268949,0.9979815324801555,3.761039614803381e-05,88479.22099059701
62,0.18568,72785879630.0,593.015625,27678.164794921875,4927561.6,0.8827968522319927,1.397148237510267,0.0,600,0.6931949311343725,0.9978052810626924,3.773945859586184e-05,88127.35936519547
63,0.18672,72484176502.0,597.71484375,26613.619995117188,4927126.399999999,0.8844192395818796,1.4187355913514823,0.0,604,0.6942386359706669,0.9977171553539608,3.787827288216196e-05,87818.1467582123
64,0.18727999999999997,72785879630.0,600.44921875,26791.04412841797,4927302.399999999,0.8836096739198757,1.4540124265062278,0.0,600,0.6995494232708985,0.9977527944273449,3.80266745333669e-05,87476.64438572223
65,0.18659999999999996,71805344464.0,602.32421875,26613.619995117188,4926486.4,0.8846720248614732,1.4392291056149302,0.0,613,0.692308113518174,0.9975875587234732,3.816703787204994e-05,87189.86235509477
66,0.1876,71956196028.0,606.31640625,27190.248428344727,4925932.8,0.884189492901266,1.4812462961898496,0.0,611,0.6933789453775349,0.9974754576381014,3.831578284854741e-05,86838.25543737868
67,0.1889,70900235080.0,609.8828125,27101.536361694336,4925609.6,0.8877627164284805,1.4816175527385438,0.0,625,0.6882508272505439,0.9974100113397052,3.846388195232256e-05,86498.1900535165
68,0.18725999999999998,72635028066.0,614.0,27722.52082824707,4924825.6,0.8872476358462998,1.5192362377952056,0.0,602,0.6995466984195732,0.9972512554673578,3.8618856617976844e-05,86134.61026677347
69,0.1877,71579067118.0,614.4375,26702.332061767578,4924399.999999999,0.8883836759885687,1.5298173132717836,0.0,616,0.6867942727269847,0.9971650737080836,3.8780003855772436e-05,85742.4977487952
70,0.1889,71352789772.0,625.4296875,27323.316528320312,4923583.999999999,0.8912377550259954,1.5802678101191747,0.0,619,0.6884796626946462,0.9969998380042119,3.89568644219792e-05,85333.55823274355
71,0.1877,71352789772.0,629.3125,27456.3846282959,4923001.6,0.8896063090215216,1.5799691903817576,0.0,619,0.6867766479720749,0.9968819050704681,3.9120786526867166e-05,84944.29762048202
72,0.18773999999999996,70673957734.0,633.16796875,27456.3846282959,4921696.0,0.8896172129084643,1.6293087148601697,0.0,628,0.6840040943928416,0.9966175279442735,3.9306620080502766e-05,84538.70209899133
73,0.18738,72484176502.0,635.83984375,27855.588928222656,4921542.399999999,0.8918472277588926,1.605734467850576,0.0,604,0.6961460666098583,0.9965864247529564,3.947502284842817e-05,84148.21774184934
74,0.18789999999999998,71428215554.0,639.421875,26791.04412841797,4920291.199999999,0.8897377232807209,1.6746735477992352,0.0,618,0.686780717893322,0.9963330633403531,3.9664753712169125e-05,83717.17096399372
75,0.18806,73012156976.0,632.11328125,27412.028594970703,4919747.199999999,0.8934863248452478,1.6748106405972893,0.0,597,0.6995562180434709,0.9962229062044387,3.985031031431828e-05,83320.93909025342
76,0.189,71277363990.0,635.81640625,26480.5518951416,4918995.199999999,0.89224478393841,1.6941563894646254,0.0,620,0.6874074857653636,0.9960706301636157,4.003511763988205e-05,82917.73144218358
77,0.18893999999999997,71805344464.0,639.87890625,27500.740661621094,4917587.2,0.8955619971178109,1.7221694121710296,0.0,613,0.6897630676688623,0.995785517576543,4.022725219786035e-05,82502.11248849897
78,0.18872,71428215554.0,643.7265625,27190.248428344727,4916432.0,0.8938999451491888,1.7420084705059744,0.0,618,0.6891159328348447,0.9955515956585129,4.0415831645018e-05,82086.06492693452
79,0.18906,72182473374.0,644.75,27412.028594970703,4915449.6,0.895357108471521,1.810865503404671,0.0,608,0.6948653864869676,0.9953526648307144,4.0629248274693413e-05,81659.04785373775
80,0.18896,72257899156.0,649.01953125,26968.46826171875,4913840.0,0.8991606297098264,1.8211098806306647,0.0,607,0.6959267334339128,0.9950267293050381,4.083916334427667e-05,81223.78484175832
81,0.18844,71277363990.0,652.10546875,26924.112228393555,4912211.199999999,0.8971141818327076,1.8943065291550103,0.0,620,0.6874156082521168,0.9946969058804471,4.106746858885617e-05,80773.7734216185
82,0.1897,72484176502.0,655.86328125,27500.740661621094,4910831.999999999,0.897583996016051,1.9201342356832352,0.0,604,0.6950887895841602,0.9944176251417464,4.1300689684224906e-05,80309.25444069486
83,0.18918,72333324938.0,659.21875,26791.04412841797,4908470.399999999,0.8983262529027097,1.9901961705826483,0.0,606,0.6929606806991014,0.9939394135752471,4.1553602778426504e-05,79811.76320421795
84,0.19004000000000001,73690989014.0,675.73046875,26879.75619506836,4907123.199999999,0.8984756559749272,1.984531274944326,0.0,588,0.7057266785810936,0.9936666126680707,4.1795371946845e-05,79293.02743529595
85,0.18954,72257899156.0,680.12109375,26081.347595214844,4905068.8,0.8990270298314023,2.069370651973167,0.0,607,0.6931718566768122,0.9932506074842055,4.206123508639603e-05,78749.63941222666
86,0.1895,73389285886.0,684.23828125,26924.112228393555,4902086.399999999,0.8989107780282811,2.1061165383288856,0.0,592,0.7021134910122646,0.9926466871861331,4.2335825841288984e-05,78188.04413674294
87,0.18956,71428215554.0,684.921875,26258.771728515625,4896559.999999999,0.8998082623691005,2.2372421263202686,0.0,618,0.6872112096912375,0.9915276202818727,4.2647343268661746e-05,77590.55975134457
88,0.1892,72333324938.0,679.484375,27412.028594970703,4892956.8,0.8987332091285456,2.2949239023178825,0.0,606,0.6914810343622411,0.9907979912522275,4.2968746372178965e-05,76978.1230258682
89,0.18973999999999996,71503641336.0,682.19140625,26879.75619506836,4888665.6,0.8971700087679905,2.33033792281037,0.0,617,0.6901799872773742,0.989929045844808,4.3291461291666895e-05,76341.92729122122
90,0.18989999999999999,72333324938.0,685.140625,27367.672561645508,4883433.6,0.9013388975348336,2.4164505219974837,0.0,606,0.6957209724473709,0.9888695933905719,4.363574728663879e-05,75697.10965315661
91,0.18975999999999998,72257899156.0,688.515625,26879.75619506836,4873971.2,0.899330472744543,2.5485995964443564,0.0,607,0.6948775788949678,0.9869535072088126,4.401002366475052e-05,75032.35889902932
92,0.18918000000000001,71201938208.0,692.54296875,26924.112228393555,4867705.6,0.9002959838094903,2.7527384335458427,0.0,621,0.6812668771021327,0.9856847561963389,4.444782714136264e-05,74363.61852905407
93,0.19014,72182473374.0,696.6484375,27545.09669494629,4863468.799999999,0.8992264759187204,2.787521634810036,0.0,608,0.6880858175436949,0.984826826502511,4.488608741377131e-05,73692.352420815
94,0.19012,70975660862.0,700.48046875,26968.46826171875,4846041.6,0.8981250018485195,2.975411297115875,0.0,624,0.680409928716067,0.9812979102543334,4.5369377037586826e-05,73020.5875912725
95,0.19039999999999999,70598531952.0,704.09375,27678.164794921875,4835536.0,0.899043067238825,3.1134071123819465,0.0,629,0.6755255632925039,0.9791705815648793,4.588528966656453e-05,72349.43982222545
96,0.19022,71428215554.0,706.8515625,27899.94496154785,4829043.2,0.8959567277753739,3.191940724640974,0.0,618,0.6785215026131888,0.9778558237485825,4.6415293834503877e-05,71684.56348270376
97,0.19012,68788313184.0,707.46875,27412.028594970703,4807340.8,0.896331078092915,3.4355364259931873,0.0,653,0.6566040221322144,0.9734612020087478,4.7003672279767714e-05,71023.23269588857
98,0.18999999999999997,71503641336.0,712.8828125,28964.48976135254,4791657.6,0.8950286161219678,3.4150705724952006,0.0,617,0.6738686801293123,0.970285436578649,4.757658787812248e-05,70370.97444897184
99,0.19029999999999997,69391719440.0,718.54296875,27367.672561645508,4780323.199999999,0.8945030821609743,3.7379950238564574,0.0,645,0.6549308592840349,0.9679902802527134,4.823229219190693e-05,69725.708156479
100,0.1908,68939164748.0,721.33984375,28609.641494750977,4767433.6,0.8952466332363391,3.8803084080266457,0.0,651,0.6515301927628382,0.965380204114693,4.891165094092299e-05,69090.17717498408
