round,accuracy,flops,memory_bytes,communication_bytes,sparsity,avg_grad_norm,avg_phi,skipped_batches,effective_compute_ratio,compression_ratio,quantization_error,avg_scale_factor
1,0.2152,50038425416.0,1057.65625,20841344.000000007,0.29133515885101485,2.0058877543212685,0.0,169,0.9276791114152575,0.8011631954908953,9.313625899625619e-05,12206.6826256241
2,0.21608,47899780770.0,1103.95703125,22110281.6,0.357720307275846,1.3816588301334922,0.0,242,0.908480488687063,0.8499424921857028,7.14879462636784e-05,18087.057816203414
3,0.24602,46581438180.0,1109.09375,22250646.400000002,0.3691236805477785,1.2686738862922406,0.0,287,0.9001267290227123,0.8553382628088662,6.13118060017623e-05,20699.23437065012
4,0.2821,45321688594.0,1109.765625,22290259.2,0.3766861931482051,1.2276747476832763,0.0,330,0.885567718804323,0.8568610205269069,5.532409312214321e-05,22022.89411878573
5,0.29476,44882241064.0,1111.2578125,22264899.2,0.3799031292410867,1.2189926447637802,0.0,345,0.8775929134716798,0.8558861554396242,5.138248286773793e-05,22924.20377010592
6,0.30211999999999994,42948671932.0,1113.85546875,22196748.800000004,0.3839334963928863,1.2058325388799995,0.0,411,0.8539093735537298,0.8532663823463926,4.855997649798081e-05,23811.80072368477
7,0.30366,41249474816.0,1114.51171875,22178495.999999996,0.38692924327914485,1.2263178969249977,0.0,469,0.8296175828245195,0.852564725506284,4.656694864702788e-05,24476.294437743833
8,0.30498,39228016178.0,1116.8046875,22120310.4,0.38714002489003063,1.2315081873307685,0.0,538,0.8001117369305986,0.8503280098113867,4.505864142896299e-05,25022.602187616052
9,0.30688,36942889022.0,1118.18359375,21997705.6,0.3911435944333134,1.2631995273305998,0.0,616,0.7564553191021235,0.84561495227774,4.396841311262163e-05,25446.915574172977
10,0.31054000000000004,33515198288.0,1118.8359375,21864064.000000004,0.39194670321951064,1.3054287004878096,0.0,733,0.6666207264248805,0.8404776285376532,4.318150261192888e-05,25757.989016541378
11,0.31144,33368715778.0,1118.89453125,21773392.000000004,0.39447377182769094,1.2441838682192687,0.0,738,0.6707735088771909,0.8369921014400941,4.237052997445574e-05,26039.822532558253
12,0.31185999999999997,32987861252.0,282.484375,21695964.8,0.3970560601662717,1.247105225680556,0.0,751,0.6579187625283283,0.8340157183925366,4.1646292409086244e-05,26332.89118125565
13,0.31464,32958564750.0,351.4140625,21739660.799999997,0.3981359232833829,1.2776308589329812,0.0,752,0.6523716680031149,0.8356954386154825,4.109724213527637e-05,26583.25381425505
14,0.31362,33544494790.0,365.859375,21540540.800000004,0.40107361149700826,1.2984149048057847,0.0,732,0.6643831045899169,0.8280410562740103,4.0635084601238375e-05,26805.076077557373
15,0.31398,32343338208.0,372.46875,21464361.6,0.4010340138202671,1.2703983270344434,0.0,773,0.6414052718202022,0.8251126476597702,4.016540535704114e-05,27059.52514447303
16,0.31416000000000005,33017157754.0,373.6640625,21473171.200000003,0.4025766538288372,1.4353317638532321,0.0,750,0.6574013739334965,0.8254512979544439,4.009095038351675e-05,27321.30208853729
17,0.3153,33544494790.0,376.453125,21554464.0,0.40604301365780493,1.243192448466891,0.0,732,0.6770646462455027,0.8285762787339178,3.965129864703888e-05,27565.17403902542
18,0.31562,32987861252.0,382.37109375,21487401.6,0.4060171970739844,1.375646435811653,0.0,751,0.6566429446948254,0.8259983295056296,3.946924903629646e-05,27805.26308651421
19,0.31492,33749570304.0,384.71484375,21444339.200000003,0.4090452561615846,1.2545768235539259,0.0,725,0.6755221489401471,0.824342965533445,3.9109222943716264e-05,28068.595839259884
20,0.31846,33456605284.0,387.8984375,21496848.0,0.4114862390550469,1.267488471723862,0.0,735,0.6639294811665496,0.826361459062432,3.879696904032495e-05,28273.496798100656
21,0.31838,33720273802.0,401.62890625,21467862.400000002,0.41280355036661576,1.2640382583641503,0.0,726,0.6751376041088599,0.8252472220957938,3.8515672530506504e-05,28429.752658908477
22,0.31688,33954645818.0,406.53515625,21366944.0,0.4141737793781899,1.3312867938647248,0.0,718,0.6769742949399263,0.8213678125995624,3.8304667412419335e-05,28680.79037378448
23,0.31756,32665599730.0,408.36328125,21321193.6,0.4189065721252151,1.329376785198329,0.0,762,0.6628872498701204,0.819609119078694,3.812635819967292e-05,28888.46107896299
24,0.31908000000000003,33808163308.0,410.0703125,21405728.000000004,0.4188085621581146,1.3383238412107534,0.0,723,0.6797335841643599,0.8228587103734256,3.7942517725797126e-05,29076.86546239192
25,0.31898,34218314336.0,412.9921875,21259484.8,0.42060285688574073,1.2743937637528826,0.0,709,0.6833227081645675,0.8172369678682007,3.77094058907931e-05,29276.221647439124
26,0.31908000000000003,33573791292.0,414.47265625,21254870.400000002,0.42179513809775726,1.3031411131664985,0.0,731,0.6709649027674567,0.8170595854762939,3.752146943334061e-05,29477.14386543655
27,0.31842000000000004,34804244376.0,415.58203125,21293078.4,0.4231862820216025,1.398209314809314,0.0,689,0.6944245009179202,0.8185283412040106,3.742106482153199e-05,29660.948851983692
28,0.31988,34218314336.0,416.76953125,21161196.8,0.42427320813295183,1.3269519217698575,0.0,709,0.6799042205199206,0.8134586737160381,3.7255081455191545e-05,29846.01621751081
29,0.32004,34335500344.0,419.9296875,21177558.400000002,0.42772904538426226,1.383334619661138,0.0,705,0.6862984963126044,0.8140876308379658,3.7161173987866085e-05,30035.692814372655
30,0.32116,34335500344.0,421.05078125,21317078.400000002,0.42930444845602833,1.3106349492330736,0.0,705,0.688594891615132,0.8194509264601142,3.700792685216093e-05,30187.874135533784
31,0.32073999999999997,33925349316.0,422.2734375,21171040.0,0.4316243138333635,1.389882102488763,0.0,719,0.6768584192779781,0.813837056682408,3.694444289258757e-05,30360.452874968243
32,0.31952,33954645818.0,422.3515625,21046940.8,0.43363990191967605,1.3526713943126372,0.0,718,0.682302532945909,0.809066552840148,3.6814514519784536e-05,30572.774565958436
33,0.32023999999999997,34013238822.0,424.01171875,21072134.400000002,0.4336267776111969,1.308820134909634,0.0,716,0.6866716617935953,0.8100350213363217,3.667143111133768e-05,30726.8001410293
34,0.32478,34247610838.0,425.28515625,21029609.6,0.43755409984136673,1.3144885453684672,0.0,708,0.6793550794454921,0.8084003232738738,3.65427857405791e-05,30889.475612729217
35,0.32004,35595249930.0,426.59765625,21086451.200000003,0.4378685345225775,1.3299059332320373,0.0,662,0.7029320217599244,0.8105853741944293,3.64189397980934e-05,31039.11777526049
36,0.32218,34218314336.0,410.45703125,21148358.4,0.43791293782366364,1.3350299422293417,0.0,709,0.6848826161907857,0.8129651521097064,3.63125460146716e-05,31196.918952296975
37,0.32232000000000005,34687058368.0,411.58984375,20943756.8,0.4426945239467366,1.3941525421894039,0.0,693,0.6976118372195079,0.8051000512957402,3.623534522562116e-05,31341.184684390442
38,0.3232,34804244376.0,413.984375,20874336.0,0.4422945479266424,1.364100236071963,0.0,689,0.687881857693134,0.802431442689619,3.615338605785698e-05,31467.850271463183
39,0.32408,34042535324.0,415.140625,20897321.6,0.44566814233067015,1.3027829394816088,0.0,715,0.6785873684454,0.8033150333422312,3.603125825729464e-05,31606.95485918187
40,0.32311999999999996,34569872360.0,415.5703125,21073513.6,0.4465316577819106,1.3374531685415296,0.0,697,0.6938335253715066,0.8100880392357058,3.5929605533711946e-05,31712.67469144139
41,0.32286000000000004,33983942320.0,412.01171875,21009996.799999997,0.44786548721008373,1.3758705975581034,0.0,717,0.6850163490465672,0.8076463866025859,3.586366708761037e-05,31864.788879315573
42,0.3229,34540575858.0,416.2265625,20904787.200000003,0.4495532494788648,1.5311654210942005,0.0,698,0.6894578309461701,0.8036020188625631,3.586845331807173e-05,31959.511184512223
43,0.32300000000000006,33896052814.0,419.4140625,20824089.599999998,0.449287059201111,1.4047920923801627,0.0,720,0.6770145708620937,0.8004999181974406,3.580831696139151e-05,32066.911236699867
44,0.32332,34950726886.0,429.140625,20886483.2,0.4514736367725326,1.3721635436075177,0.0,684,0.6974247494816188,0.8028983938405748,3.573083749283189e-05,32165.911425006845
45,0.32402000000000003,34306203842.0,432.5234375,20786329.6,0.45402188738680255,1.4240963215333176,0.0,706,0.6860615163701385,0.7990483840611711,3.5680004393690026e-05,32268.860150763463
46,0.324,34511279356.0,436.9375,20616233.6,0.4538672274346487,1.412300957568338,0.0,699,0.6772802912000178,0.7925097148227468,3.5625380359337314e-05,32362.139882971765
47,0.3236,34862837380.0,438.42578125,20727315.200000003,0.45376492840705973,1.3737273402101735,0.0,687,0.689986770035411,0.7967798084220963,3.5555729067483916e-05,32440.063108218375
48,0.32626000000000005,34540575858.0,440.484375,20906649.6,0.45819550745503584,1.3799696004205357,0.0,698,0.6870446417834402,0.8036736114784367,3.548720586039088e-05,32530.828192367284
49,0.3255,34862837380.0,441.69140625,20795814.4,0.4608657677435518,1.4472400826996816,0.0,687,0.695584332678883,0.7994129897543832,3.545567385999149e-05,32593.578674560547
50,0.32576,35067912894.0,442.9765625,20714905.6,0.46133614261256195,1.5281076226542427,0.0,680,0.6997463763229312,0.796302770339007,3.546401057377722e-05,32648.29626261834
51,0.32676,35009319890.0,444.3203125,20587715.2,0.4616231709114844,1.4084911809578735,0.0,682,0.6932613931543604,0.7914134375157609,3.5413079803509254e-05,32717.87936096594
52,0.32666,34159721332.0,447.9921875,20497964.8,0.46250776543342437,1.5310066434708887,0.0,711,0.683702555650932,0.7879633376920361,3.54260142158406e-05,32764.75951579839
53,0.32816,34833540878.0,449.2734375,20731081.6,0.4645114135144735,1.4593503781573232,0.0,688,0.6978005440320203,0.7969245928016208,3.539911656486368e-05,32814.48439265847
54,0.32874000000000003,35067912894.0,451.4140625,20546979.2,0.46419786480852954,1.466988290463179,0.0,680,0.7003431222548901,0.7898475028077344,3.5371713820549115e-05,32869.428498379224
55,0.32832,33983942320.0,436.703125,20528592.0,0.46437283250914685,1.5024847821392675,0.0,717,0.6761224138065034,0.7891406794901917,3.535808709516907e-05,32909.8065210302
56,0.329,34833540878.0,438.9765625,20464835.2,0.46458665412164624,1.599454455036479,0.0,688,0.6801471226075191,0.7866898010045108,3.5379508369865106e-05,32925.48601005733
57,0.33076000000000005,34452686352.0,442.29296875,20416761.6,0.46499900086640605,1.5889071228661418,0.0,701,0.6800949932956313,0.7848418012308518,3.539374722710794e-05,32949.05676741873
58,0.33116,34276907340.0,446.94140625,20410054.400000002,0.46338836482018547,1.5842177242527298,0.0,707,0.6801621609737701,0.7845839694046127,3.5411617782074415e-05,32964.54937551559
59,0.33368,34980023388.0,452.4921875,20454115.200000003,0.46492806429865174,1.5438860672072585,0.0,683,0.6961008399468885,0.7862777129234513,3.541328548057414e-05,32976.301998864365
60,0.33246,34687058368.0,453.37109375,20408867.200000003,0.4632702850001138,1.6220437513123127,0.0,693,0.6859495362825819,0.7845383321872774,3.544712369418071e-05,32981.16923400517
61,0.33416,34833540878.0,454.984375,20369712.0,0.4625913041252197,1.7021234343736733,0.0,688,0.6812617467045551,0.7830331650947864,3.551518305839564e-05,32976.47106308186
62,0.3339,34980023388.0,456.31640625,20425055.999999996,0.4674331827061792,1.6585821096931206,0.0,683,0.6996744608514185,0.7851606466953611,3.5552986792279936e-05,32974.20005753676
63,0.33521999999999996,34276907340.0,451.18359375,20284092.799999997,0.4654412818762855,1.7416183678089208,0.0,707,0.6743875863607773,0.779741872946479,3.562074432967633e-05,32961.48056265256
64,0.33608,34745651372.0,441.09765625,20384700.8,0.46676916311195127,1.6341745068354498,0.0,691,0.6845621140232477,0.783609350340065,3.564957095327229e-05,32938.04204900375
65,0.33755999999999997,34511279356.0,443.65234375,20187142.4,0.4655712078943096,1.6751009145464064,0.0,699,0.6830652078107813,0.7760149975459232,3.5690347503392285e-05,32915.27221244925
66,0.33896000000000004,34394093348.0,447.68359375,20242323.2,0.46401296807864256,1.843244061422014,0.0,703,0.6762638582547733,0.7781362055667564,3.579960010115044e-05,32881.090334950764
67,0.33818000000000004,34511279356.0,450.65234375,20137606.4,0.4636005419116319,1.7132292586697833,0.0,699,0.6770449243150438,0.7741107815773256,3.584918641396917e-05,32838.03504347392
68,0.34274,34335500344.0,461.19140625,20221776.0,0.4626269654242449,1.8381796812813544,0.0,705,0.6755585287248012,0.7773463495761643,3.594198576414478e-05,32793.397523590786
69,0.34376,33690977300.0,466.09765625,20065808.0,0.4614694606057993,1.9637051932619136,0.0,727,0.6565823990599189,0.7713507755251663,3.606837861611803e-05,32735.677156820435
70,0.3444,34335500344.0,459.57421875,20069824.0,0.4630882140335778,1.8874164791699388,0.0,705,0.6792861300854078,0.7715051547913543,3.6165003972384694e-05,32677.161070001934
71,0.34547999999999995,34804244376.0,463.8984375,19989244.8,0.4582116596802809,2.0322773396178406,0.0,689,0.6847649864115193,0.7684076055468286,3.631732050741267e-05,32611.63546526438
72,0.34568000000000004,34599168862.0,465.9609375,20044163.2,0.4601035561645198,1.9411193885225309,0.0,696,0.6799603181726137,0.7705187266355283,3.642676217975852e-05,32541.313744643026
73,0.34892,33017157754.0,468.37109375,19981955.200000003,0.45843266411367073,2.055542777125775,0.0,750,0.6633145370870336,0.7681273856517081,3.65722303064906e-05,32464.844706084063
74,0.35287999999999997,34218314336.0,438.67578125,19958294.400000002,0.4564419296651109,2.036598066069391,0.0,709,0.6695998051276095,0.7672178396005574,3.6706578732387876e-05,32384.623200261714
75,0.35422000000000003,34335500344.0,449.609375,19859385.6,0.45462606935165795,2.2825626994077166,0.0,705,0.6675641083748193,0.7634156812431037,3.692228601977922e-05,32284.0447126253
76,0.35648,34687058368.0,451.39453125,19725372.8,0.45280868052931894,2.2211063690033916,0.0,693,0.6694085755924883,0.7582640881843892,3.710375528946479e-05,32186.026123675827
77,0.35897999999999997,33515198288.0,449.30859375,19640144.0,0.4495465933308524,2.4557113045410963,0.0,733,0.6439311516669796,0.7549878034229143,3.734624102292964e-05,32072.70219749357
78,0.36239999999999994,33398012280.0,453.32421875,19645004.800000004,0.4448964326434625,2.4527734372260745,0.0,737,0.6481955992781858,0.7551746576901172,3.75851122785269e-05,31954.232907795908
79,0.3638,34042535324.0,453.33203125,19537648.0,0.4408792484887238,2.574922315733483,0.0,715,0.6564347480363768,0.751047749322515,3.7854685877423243e-05,31835.110379414917
80,0.36686,33192936766.0,450.26171875,19530035.2,0.43850126530273476,2.6706005228698015,0.0,744,0.6401901839833124,0.7507551052792789,3.814329850557958e-05,31707.141242715577
81,0.37248000000000003,33105047260.0,458.81640625,19485507.2,0.43064217544772737,2.8342819083629998,0.0,747,0.6409451893747019,0.7490434021007881,3.8479493471772134e-05,31569.46615985719
82,0.37406,33485901786.0,449.48828125,19434835.2,0.4263454865042847,2.9456350711846326,0.0,734,0.6494627987893472,0.7470955170967349,3.8835271095603746e-05,31428.42424077489
83,0.37786,33280826272.0,456.5546875,19446121.6,0.4192043050406604,3.1451500527904304,0.0,741,0.6440003981125896,0.7475293781898386,3.9233511129289056e-05,31276.939430222534
84,0.38424,32841378742.0,444.51953125,19313193.6,0.41623559598659854,3.236726135910051,0.0,756,0.6370763147081118,0.7424194859846999,3.96530805768504e-05,31123.264660253735
85,0.39032000000000006,32314041706.0,452.63671875,19237868.8,0.4022150027505916,3.580810061870313,0.0,774,0.6260396743250396,0.7395239214055771,4.0143497943979844e-05,30955.88891575365
86,0.39724,32519117220.0,442.10546875,19188720.0,0.39411617265158905,3.6905060480158625,0.0,767,0.6240328881335513,0.7376345898124446,4.0659291461379044e-05,30786.696456886704
87,0.40606,32636303228.0,455.10546875,19061011.2,0.3793078560162999,4.3370896154028795,0.0,763,0.6141620437755803,0.7327253291476665,4.133333879419185e-05,30599.978988339048
88,0.41507999999999995,31757408168.0,458.0546875,19091510.4,0.3675616405101424,4.5057942600373595,0.0,793,0.6064424753099434,0.7338977504911229,4.203481061355141e-05,30410.245209954366
89,0.42934,31845297674.0,450.2265625,18999184.0,0.34910087721234845,4.9050216995555855,0.0,790,0.5918621413664854,0.7303486265165764,4.282397773274097e-05,30211.770014457674
90,0.43838,31640222160.0,454.26171875,18960716.8,0.3440188922456405,5.06796777944188,0.0,797,0.6140122297470121,0.7288699068680937,4.363472362558938e-05,30013.44547374267
91,0.4517399999999999,31962483682.0,462.81640625,18927798.4,0.31500228368142136,5.989630584045811,0.0,786,0.5868069910484348,0.7276044889308221,4.4669376508574916e-05,29801.670178005654
92,0.46453999999999995,31142181626.0,469.2734375,18810000.0,0.2962471921279426,6.170499081963439,0.0,814,0.5892158761642131,0.723076194471131,4.572109617410287e-05,29583.960376724503
93,0.47996,30995699116.0,489.2265625,18676870.4,0.27316919682738516,6.729735476064761,0.0,819,0.5726475735421868,0.7179585525498411,4.6875521911694134e-05,29359.949789207236
94,0.49138000000000004,31083588622.0,489.99609375,18648771.200000003,0.24406666889798512,7.298133723091733,0.0,816,0.574251754937395,0.7168783897319951,4.815103941390057e-05,29131.433747160576
95,0.50218,30878513108.0,497.14453125,18643868.8,0.2262802281525605,7.701597511503152,0.0,823,0.5952040699328174,0.716689936317015,4.948946296089647e-05,28902.80570162657
96,0.5151600000000001,30175397060.0,503.84375,18437513.6,0.20143032728504506,8.740134414810123,0.0,847,0.5604198854397798,0.7087574252736696,5.1042445708394166e-05,28668.039447207197
97,0.52474,30849216606.0,506.984375,18419619.200000003,0.18239395055085855,9.382203941783633,0.0,824,0.5689366717414603,0.7080695457067188,5.271464898057987e-05,28435.482414118538
98,0.53508,30497658582.0,506.4296875,18282774.4,0.16341910544551774,9.793951598383716,0.0,836,0.5602923578233991,0.7028090875877839,5.4437156935993844e-05,28201.40894931295
99,0.53864,30790623602.0,465.48828125,18265446.400000002,0.1521276061546808,9.921552418861598,0.0,826,0.569921743963689,0.7021429810328772,5.6137893509417e-05,27970.834827855317
100,0.54668,30263286566.0,477.73828125,18210745.6,0.14802605766055124,10.287037675978919,0.0,844,0.5646918278828839,0.7000402247171661,5.7893594913673604e-05,27742.717755290603
