timestamp,round,accuracy,flops,memory,memory_saved,communication,sparsity,skipped_batches,effective_compute_ratio,compression_ratio,download_bytes,upload_bytes,model_size_bytes,quantization_error,avg_scale_factor,method
2025-08-05 03:32:37,1,23.55,17395174883.0,0.0,0.0,11917574,0.5010185619077372,0,1.0,1.0,6173000,5744574,1234600,0.0,1.0,RigL
2025-08-05 03:35:08,2,26.560000000000002,17395174883.0,0.0,0.0,11951173,0.5039994012287827,0,1.0,1.0,6173000,5778173,1234600,0.0,1.0,RigL
2025-08-05 03:37:28,3,30.003999999999998,17395174883.0,0.0,0.0,12007775,0.5089522805373321,0,1.0,1.0,6173000,5834775,1234600,0.0,1.0,RigL
2025-08-05 03:39:57,4,30.929999999999996,17395174883.0,0.0,0.0,12086059,0.5158153701968136,0,1.0,1.0,6173000,5913059,1234600,0.0,1.0,RigL
2025-08-05 03:42:26,5,30.363999999999997,17395174883.0,0.0,0.0,12185581,0.5245496199104447,0,1.0,1.0,6173000,6012581,1234600,0.0,1.0,RigL
2025-08-05 03:44:57,6,35.558,17395174883.0,0.0,0.0,12305303,0.5350378787878788,0,1.0,1.0,6173000,6132303,1234600,0.0,1.0,RigL
2025-08-05 03:47:27,7,35.658,17395174883.0,0.0,0.0,12464410,0.5489983598875352,0,1.0,1.0,6173000,6291410,1234600,0.0,1.0,RigL
2025-08-05 03:49:57,8,36.18,17395174883.0,0.0,0.0,12634859,0.5639507185254609,0,1.0,1.0,6173000,6461859,1234600,0.0,1.0,RigL
2025-08-05 03:52:26,9,36.839999999999996,17395174883.0,0.0,0.0,12811549,0.5794465271269396,0,1.0,1.0,6173000,6638549,1234600,0.0,1.0,RigL
2025-08-05 03:54:56,10,39.332,17395174883.0,0.0,0.0,13029437,0.598556440695616,0,1.0,1.0,6173000,6856437,1234600,0.0,1.0,RigL
2025-08-05 03:57:25,11,43.498000000000005,17395174883.0,0.0,0.0,13235233,0.6166237113402062,0,1.0,1.0,6173000,7062233,1234600,0.0,1.0,RigL
2025-08-05 03:59:54,12,45.007999999999996,17395174883.0,0.0,0.0,13452374,0.6356639852129543,0,1.0,1.0,6173000,7279374,1234600,0.0,1.0,RigL
2025-08-05 04:02:23,13,46.00600000000001,17395174883.0,0.0,0.0,13678255,0.655488519212746,0,1.0,1.0,6173000,7505255,1234600,0.0,1.0,RigL
2025-08-05 04:04:51,14,46.708,17395174883.0,0.0,0.0,13943176,0.6787084765177548,0,1.0,1.0,6173000,7770176,1234600,0.0,1.0,RigL
2025-08-05 04:07:20,15,46.17999999999999,17395174883.0,0.0,0.0,14181302,0.69962576798917,0,1.0,1.0,6173000,8008302,1234600,0.0,1.0,RigL
2025-08-05 04:09:49,16,52.501999999999995,17395174883.0,0.0,0.0,14438362,0.7221870769551181,0,1.0,1.0,6173000,8265362,1234600,0.0,1.0,RigL
2025-08-05 04:12:18,17,53.928,17395174883.0,0.0,0.0,14679827,0.7433679579298136,0,1.0,1.0,6173000,8506827,1234600,0.0,1.0,RigL
2025-08-05 04:14:47,18,56.598,17395174883.0,0.0,0.0,14919349,0.7643893835259814,0,1.0,1.0,6173000,8746349,1234600,0.0,1.0,RigL
2025-08-05 04:17:16,19,54.826,17395174883.0,0.0,0.0,15185959,0.7877909247110277,0,1.0,1.0,6173000,9012959,1234600,0.0,1.0,RigL
2025-08-05 04:19:45,20,58.284000000000006,17395174883.0,0.0,0.0,15444291,0.8104563678017286,0,1.0,1.0,6173000,9271291,1234600,0.0,1.0,RigL
2025-08-05 04:22:15,21,65.63,17395174883.0,0.0,0.0,15662952,0.8296560970530044,0,1.0,1.0,6173000,9489952,1234600,0.0,1.0,RigL
2025-08-05 04:24:44,22,65.572,17395174883.0,0.0,0.0,15871396,0.8479407476830157,0,1.0,1.0,6173000,9698396,1234600,0.0,1.0,RigL
2025-08-05 04:27:14,23,65.5,17395174883.0,0.0,0.0,16067062,0.8651287358117254,0,1.0,1.0,6173000,9894062,1234600,0.0,1.0,RigL
2025-08-05 04:29:43,24,68.08,17395174883.0,0.0,0.0,16260352,0.8820830729980214,0,1.0,1.0,6173000,10087352,1234600,0.0,1.0,RigL
2025-08-05 04:32:12,25,67.55799999999999,17395174883.0,0.0,0.0,16425052,0.8965486046027283,0,1.0,1.0,6173000,10252052,1234600,0.0,1.0,RigL
2025-08-05 04:34:41,26,68.16399999999999,17395174883.0,0.0,0.0,16572546,0.9094846662501302,0,1.0,1.0,6173000,10399546,1234600,0.0,1.0,RigL
2025-08-05 04:37:11,27,69.372,17395174883.0,0.0,0.0,16716208,0.9221057221701552,0,1.0,1.0,6173000,10543208,1234600,0.0,1.0,RigL
2025-08-05 04:39:40,28,70.22999999999999,17395174883.0,0.0,0.0,16835724,0.9325920285327503,0,1.0,1.0,6173000,10662724,1234600,0.0,1.0,RigL
2025-08-05 04:42:09,29,71.786,17395174883.0,0.0,0.0,16918216,0.9398339060710195,0,1.0,1.0,6173000,10745216,1234600,0.0,1.0,RigL
2025-08-05 04:44:38,30,73.102,17395174883.0,0.0,0.0,16978802,0.9451746849942726,0,1.0,1.0,6173000,10805802,1234600,0.0,1.0,RigL
2025-08-05 04:47:07,31,72.52799999999999,17395174883.0,0.0,0.0,17019030,0.9486983234405916,0,1.0,1.0,6173000,10846030,1234600,0.0,1.0,RigL
2025-08-05 04:49:36,32,73.11,17395174883.0,0.0,0.0,17033498,0.949971363115693,0,1.0,1.0,6173000,10860498,1234600,0.0,1.0,RigL
2025-08-05 04:52:05,33,74.334,17395174883.0,0.0,0.0,17034018,0.9500156201187128,0,1.0,1.0,6173000,10861018,1234600,0.0,1.0,RigL
2025-08-05 04:54:34,34,73.47200000000001,17395174883.0,0.0,0.0,17034026,0.9500156201187128,0,1.0,1.0,6173000,10861026,1234600,0.0,1.0,RigL
2025-08-05 04:57:03,35,76.00399999999999,17395174883.0,0.0,0.0,17034026,0.9500156201187128,0,1.0,1.0,6173000,10861026,1234600,0.0,1.0,RigL
2025-08-05 04:59:32,36,74.614,17395174883.0,0.0,0.0,17034018,0.9500156201187128,0,1.0,1.0,6173000,10861018,1234600,0.0,1.0,RigL
2025-08-05 05:02:01,37,74.30600000000001,17395174883.0,0.0,0.0,17034026,0.9500156201187128,0,1.0,1.0,6173000,10861026,1234600,0.0,1.0,RigL
2025-08-05 05:04:30,38,76.43599999999999,17395174883.0,0.0,0.0,17034026,0.9500156201187128,0,1.0,1.0,6173000,10861026,1234600,0.0,1.0,RigL
2025-08-05 05:07:00,39,77.23,17395174883.0,0.0,0.0,17034018,0.9500156201187128,0,1.0,1.0,6173000,10861018,1234600,0.0,1.0,RigL
2025-08-05 05:09:29,40,76.632,17395174883.0,0.0,0.0,17034020,0.9500156201187128,0,1.0,1.0,6173000,10861020,1234600,0.0,1.0,RigL
2025-08-05 05:11:58,41,77.69200000000001,17395174883.0,0.0,0.0,17034026,0.9500156201187128,0,1.0,1.0,6173000,10861026,1234600,0.0,1.0,RigL
2025-08-05 05:14:28,42,76.946,17395174883.0,0.0,0.0,17034026,0.9500156201187128,0,1.0,1.0,6173000,10861026,1234600,0.0,1.0,RigL
2025-08-05 05:16:57,43,76.80199999999999,17395174883.0,0.0,0.0,17034010,0.9500156201187128,0,1.0,1.0,6173000,10861010,1234600,0.0,1.0,RigL
2025-08-05 05:19:27,44,76.09,17395174883.0,0.0,0.0,17034020,0.9500156201187128,0,1.0,1.0,6173000,10861020,1234600,0.0,1.0,RigL
2025-08-05 05:21:55,45,78.66199999999999,17395174883.0,0.0,0.0,17034026,0.9500156201187128,0,1.0,1.0,6173000,10861026,1234600,0.0,1.0,RigL
2025-08-05 05:24:24,46,77.46400000000001,17395174883.0,0.0,0.0,17034026,0.9500156201187128,0,1.0,1.0,6173000,10861026,1234600,0.0,1.0,RigL
2025-08-05 05:26:53,47,78.91,17395174883.0,0.0,0.0,17034012,0.9500156201187128,0,1.0,1.0,6173000,10861012,1234600,0.0,1.0,RigL
2025-08-05 05:29:22,48,79.836,17395174883.0,0.0,0.0,17034026,0.9500156201187128,0,1.0,1.0,6173000,10861026,1234600,0.0,1.0,RigL
2025-08-05 05:31:51,49,79.91,17395174883.0,0.0,0.0,17034026,0.9500156201187128,0,1.0,1.0,6173000,10861026,1234600,0.0,1.0,RigL
2025-08-05 05:34:20,50,79.948,17395174883.0,0.0,0.0,17034026,0.9500156201187128,0,1.0,1.0,6173000,10861026,1234600,0.0,1.0,RigL
2025-08-05 05:36:49,51,80.17,17395174883.0,0.0,0.0,17034031,0.9500156201187128,0,1.0,1.0,6173000,10861031,1234600,0.0,1.0,RigL
2025-08-05 05:39:18,52,79.042,17395174883.0,0.0,0.0,17034026,0.9500156201187128,0,1.0,1.0,6173000,10861026,1234600,0.0,1.0,RigL
2025-08-05 05:41:48,53,80.28599999999999,17395174883.0,0.0,0.0,17034036,0.9500156201187128,0,1.0,1.0,6173000,10861036,1234600,0.0,1.0,RigL
2025-08-05 05:44:17,54,80.868,17395174883.0,0.0,0.0,17034002,0.9500156201187128,0,1.0,1.0,6173000,10861002,1234600,0.0,1.0,RigL
2025-08-05 05:46:46,55,80.186,17395174883.0,0.0,0.0,17034026,0.9500156201187128,0,1.0,1.0,6173000,10861026,1234600,0.0,1.0,RigL
2025-08-05 05:49:15,56,80.166,17395174883.0,0.0,0.0,17034023,0.9500156201187128,0,1.0,1.0,6173000,10861023,1234600,0.0,1.0,RigL
2025-08-05 05:51:44,57,81.684,17395174883.0,0.0,0.0,17034018,0.9500156201187128,0,1.0,1.0,6173000,10861018,1234600,0.0,1.0,RigL
2025-08-05 05:54:13,58,81.66,17395174883.0,0.0,0.0,17034023,0.9500156201187128,0,1.0,1.0,6173000,10861023,1234600,0.0,1.0,RigL
2025-08-05 05:56:42,59,81.00999999999999,17395174883.0,0.0,0.0,17034036,0.9500156201187128,0,1.0,1.0,6173000,10861036,1234600,0.0,1.0,RigL
2025-08-05 05:59:12,60,81.95400000000001,17395174883.0,0.0,0.0,17034036,0.9500156201187128,0,1.0,1.0,6173000,10861036,1234600,0.0,1.0,RigL
2025-08-05 06:01:41,61,81.016,17395174883.0,0.0,0.0,17034026,0.9500156201187128,0,1.0,1.0,6173000,10861026,1234600,0.0,1.0,RigL
2025-08-05 06:04:10,62,82.38199999999999,17395174883.0,0.0,0.0,17034026,0.9500156201187128,0,1.0,1.0,6173000,10861026,1234600,0.0,1.0,RigL
2025-08-05 06:06:39,63,81.46000000000001,17395174883.0,0.0,0.0,17034028,0.9500156201187128,0,1.0,1.0,6173000,10861028,1234600,0.0,1.0,RigL
2025-08-05 06:09:09,64,82.46799999999999,17395174883.0,0.0,0.0,17034018,0.9500156201187128,0,1.0,1.0,6173000,10861018,1234600,0.0,1.0,RigL
2025-08-05 06:11:38,65,82.17,17395174883.0,0.0,0.0,17034018,0.9500156201187128,0,1.0,1.0,6173000,10861018,1234600,0.0,1.0,RigL
2025-08-05 06:14:07,66,83.536,17395174883.0,0.0,0.0,17034015,0.9500156201187128,0,1.0,1.0,6173000,10861015,1234600,0.0,1.0,RigL
2025-08-05 06:16:36,67,83.642,17395174883.0,0.0,0.0,17034026,0.9500156201187128,0,1.0,1.0,6173000,10861026,1234600,0.0,1.0,RigL
2025-08-05 06:19:06,68,83.464,17395174883.0,0.0,0.0,17034071,0.9500156201187128,0,1.0,1.0,6173000,10861071,1234600,0.0,1.0,RigL
2025-08-05 06:21:35,69,83.57000000000001,17395174883.0,0.0,0.0,17034068,0.9500156201187128,0,1.0,1.0,6173000,10861068,1234600,0.0,1.0,RigL
2025-08-05 06:24:04,70,83.5,17395174883.0,0.0,0.0,17034026,0.9500156201187128,0,1.0,1.0,6173000,10861026,1234600,0.0,1.0,RigL
2025-08-05 06:26:33,71,83.724,17395174883.0,0.0,0.0,17034018,0.9500156201187128,0,1.0,1.0,6173000,10861018,1234600,0.0,1.0,RigL
2025-08-05 06:29:02,72,84.088,17395174883.0,0.0,0.0,17034020,0.9500156201187128,0,1.0,1.0,6173000,10861020,1234600,0.0,1.0,RigL
2025-08-05 06:31:32,73,84.30600000000001,17395174883.0,0.0,0.0,17034020,0.9500156201187128,0,1.0,1.0,6173000,10861020,1234600,0.0,1.0,RigL
2025-08-05 06:34:01,74,84.486,17395174883.0,0.0,0.0,17034020,0.9500156201187128,0,1.0,1.0,6173000,10861020,1234600,0.0,1.0,RigL
2025-08-05 06:36:30,75,84.506,17395174883.0,0.0,0.0,17034084,0.9500156201187128,0,1.0,1.0,6173000,10861084,1234600,0.0,1.0,RigL
2025-08-05 06:38:59,76,84.34,17395174883.0,0.0,0.0,17034018,0.9500156201187128,0,1.0,1.0,6173000,10861018,1234600,0.0,1.0,RigL
2025-08-05 06:41:28,77,84.84200000000001,17395174883.0,0.0,0.0,17034026,0.9500156201187128,0,1.0,1.0,6173000,10861026,1234600,0.0,1.0,RigL
2025-08-05 06:43:58,78,84.806,17395174883.0,0.0,0.0,17034051,0.9500156201187128,0,1.0,1.0,6173000,10861051,1234600,0.0,1.0,RigL
2025-08-05 06:46:27,79,85.07,17395174883.0,0.0,0.0,17034012,0.9500156201187128,0,1.0,1.0,6173000,10861012,1234600,0.0,1.0,RigL
2025-08-05 06:48:56,80,85.294,17395174883.0,0.0,0.0,17034042,0.9500156201187128,0,1.0,1.0,6173000,10861042,1234600,0.0,1.0,RigL
2025-08-05 06:51:26,81,85.418,17395174883.0,0.0,0.0,17034020,0.9500156201187128,0,1.0,1.0,6173000,10861020,1234600,0.0,1.0,RigL
2025-08-05 06:53:55,82,85.626,17395174883.0,0.0,0.0,17034055,0.9500156201187128,0,1.0,1.0,6173000,10861055,1234600,0.0,1.0,RigL
2025-08-05 06:56:24,83,85.622,17395174883.0,0.0,0.0,17034038,0.9500156201187128,0,1.0,1.0,6173000,10861038,1234600,0.0,1.0,RigL
2025-08-05 06:58:54,84,85.66600000000001,17395174883.0,0.0,0.0,17034034,0.9500156201187128,0,1.0,1.0,6173000,10861034,1234600,0.0,1.0,RigL
2025-08-05 07:01:24,85,85.928,17395174883.0,0.0,0.0,17034018,0.9500156201187128,0,1.0,1.0,6173000,10861018,1234600,0.0,1.0,RigL
2025-08-05 07:03:54,86,85.97800000000001,17395174883.0,0.0,0.0,17034010,0.9500156201187128,0,1.0,1.0,6173000,10861010,1234600,0.0,1.0,RigL
2025-08-05 07:06:24,87,86.042,17395174883.0,0.0,0.0,17034004,0.9500156201187128,0,1.0,1.0,6173000,10861004,1234600,0.0,1.0,RigL
2025-08-05 07:08:53,88,86.06400000000001,17395174883.0,0.0,0.0,17033994,0.9500156201187128,0,1.0,1.0,6173000,10860994,1234600,0.0,1.0,RigL
2025-08-05 07:11:23,89,86.334,17395174883.0,0.0,0.0,17034004,0.9500156201187128,0,1.0,1.0,6173000,10861004,1234600,0.0,1.0,RigL
2025-08-05 07:13:52,90,86.28800000000001,17395174883.0,0.0,0.0,17034017,0.9500156201187128,0,1.0,1.0,6173000,10861017,1234600,0.0,1.0,RigL
2025-08-05 07:16:22,91,86.34200000000001,17395174883.0,0.0,0.0,17034043,0.9500156201187128,0,1.0,1.0,6173000,10861043,1234600,0.0,1.0,RigL
2025-08-05 07:18:51,92,86.352,17395174883.0,0.0,0.0,17034001,0.9500156201187128,0,1.0,1.0,6173000,10861001,1234600,0.0,1.0,RigL
2025-08-05 07:21:20,93,86.444,17395174883.0,0.0,0.0,17033974,0.9500156201187128,0,1.0,1.0,6173000,10860974,1234600,0.0,1.0,RigL
2025-08-05 07:23:50,94,86.434,17395174883.0,0.0,0.0,17034002,0.9500156201187128,0,1.0,1.0,6173000,10861002,1234600,0.0,1.0,RigL
2025-08-05 07:26:27,95,86.36,17395174883.0,0.0,0.0,17034026,0.9500156201187128,0,1.0,1.0,6173000,10861026,1234600,0.0,1.0,RigL
2025-08-05 07:28:58,96,86.608,17395174883.0,0.0,0.0,17033962,0.9500156201187128,0,1.0,1.0,6173000,10860962,1234600,0.0,1.0,RigL
2025-08-05 07:31:28,97,86.558,17395174883.0,0.0,0.0,17033990,0.9500156201187128,0,1.0,1.0,6173000,10860990,1234600,0.0,1.0,RigL
2025-08-05 07:33:57,98,86.578,17395174883.0,0.0,0.0,17033956,0.9500156201187128,0,1.0,1.0,6173000,10860956,1234600,0.0,1.0,RigL
2025-08-05 07:36:26,99,86.534,17395174883.0,0.0,0.0,17033985,0.9500156201187128,0,1.0,1.0,6173000,10860985,1234600,0.0,1.0,RigL
2025-08-05 07:38:56,100,86.55199999999999,17395174883.0,0.0,0.0,17033956,0.9500156201187128,0,1.0,1.0,6173000,10860956,1234600,0.0,1.0,RigL
